:020000040800F2
:10000000C01F0020CD040008D1020008D302000860
:10001000D7020008DB020008DF0200080000000031
:10002000000000000000000000000000E3020008E3
:10003000E502000800000000E7020008E9020008ED
:10004000E7040008E7040008E7040008E7040008E4
:10005000E7040008E7040008E7040008E7040008D4
:10006000E7040008E7040008E7040008E7040008C4
:10007000E7040008E7040008E7040008E7040008B4
:10008000E7040008E7040008E7040008E7040008A4
:10009000E7040008E7040008E7040008E704000894
:1000A000E7040008E7040008E7040008E704000884
:1000B00099220008E7040008E7040008E7040008A4
:1000C000E7040008E7040008E7040008E704000864
:1000D000E7040008B3210008E7040008E70400086B
:1000E000E7040008E7040008E704000800F002F84D
:1000F00000F06AF80AA090E8000C82448344AAF158
:100100000107DA4501D100F05FF8AFF2090EBAE855
:100110000F0013F0010F18BFFB1A43F0010318473B
:1001200044BA000064BA00000A444FF0000C10F812
:10013000013B13F0070408BF10F8014B1D1108BF65
:1001400010F8015B641E05D010F8016B641E01F805
:10015000016BF9D113F0080F1EBF10F8014BAD1C55
:100160000C1B09D16D1E58BF01F801CBFAD505E073
:1001700014F8016B01F8016B6D1EF9D59142D6D3CD
:10018000704700000023002400250026103A28BFF5
:1001900078C1FBD8520728BF30C148BF0B607047F9
:1001A000662909F06480642906F0488200207047BF
:1001B0001FB506F07BFE04000020002107F08EFF33
:1001C000E0601FBD10B510BD06F0A0FF1146FFF79F
:1001D000EFFF00F009F806F0BEFF03B4FFF7F2FFEF
:1001E00003BC01F08BFF00000EB5002000900190D1
:1001F000029001F019FF4FF4E13001F08EFF06F09C
:100200003FF9102324A20021282005F0B4FF05F0B7
:100210006CFE02F03AFD02F056FA02F068FA40F283
:10022000CF2140F2CF7002F009F834E01C4800689A
:1002300008F07EFC044622460B461AA1684606F0EA
:10024000E9F910236A461946184605F094FF184844
:10025000006808F06DFC044622460B4615A168466E
:1002600006F0D8F910236A462021184605F083FFCE
:100270001348006808F05CFC044622460B4611A1B6
:10028000684606F0C7F910236A463021184605F083
:1002900072FF05F02AFEC9E74D5055363035300063
:1002A0000000002050697463683A252E3266000011
:1002B00004000020526F6C6C203A252E326600003C
:1002C0000800002059617720203A252E3266000070
:1002D000704700BFFEE700BFFEE700BFFEE700BFBC
:1002E000FEE7704770477047704700000CB500206C
:1002F000019000906C48006840F480306A490860C2
:1003000000BF6948006800F4003000900198401C6C
:100310000190009818B90198B0F5A06FF1D162482A
:10032000006800F4003010B10120009001E00020CE
:1003300000900098012843D15C48006840F010000C
:100340005A4908600846006820F003000860084623
:10035000006840F002000860534840685249486015
:100360000846406848600846406840F4806048603D
:100370000846406820F47C1048600846406840F415
:10038000E81048600846006840F08070086000BFD0
:100390004548006800F000700028F9D042484068E5
:1003A00020F00300404948600846406840F00200E1
:1003B000486000BF3C48406800F00C000828F9D1B4
:1003C0000CBD10B5FFF792FF10BD10B536480068A0
:1003D00040F001003449086008464068344908404C
:1003E0003149486008460068324908402E49086093
:1003F0000846006820F4802008600846406820F421
:10040000FE0048604FF41F008860FFF7DAFF4FF0EE
:1004100000602949086010BD10B5002100200022AD
:10042000214B5B6803F00C0121B1042906D0082997
:1004300028D107E0214B224C236027E01F4B204CA2
:10044000236023E0184B5B6803F47010164B5B6865
:1004500003F48032022303EB904022B9194B43434B
:10046000174C23600DE0104B5B6803F4003323B19D
:10047000144B4343124C236003E0104B4343104C96
:10048000236003E00D4B0E4C236000BF00BF064B02
:100490005B68C3F303130C4CE15C094B1B68CB4056
:1004A000074C236010BD00000010024000200240F5
:1004B0000000FFF8FFFFF6FE08ED00E000127A00F2
:1004C0000C00002000093D00100000200948804772
:1004D00009480047FEE7FEE7FEE7FEE7FEE7FEE726
:1004E000FEE7FEE7FEE7FEE704480549054A064B3E
:1004F00070470000CB030008ED000008C019002081
:10050000C01F0020C01B0020C01B00203149014338
:10051000314A1160704770B5002100230F22C47862
:1005200004B32D4C246804F4E064C4F5E064210AAB
:10053000C1F10403CA40447804FA03F184781440FA
:1005400021430901254C0678A155047804F01F05C4
:100550000124AC4005786D11AD0005F1E025C5F82A
:10056000004109E0047804F01F050124AC401C4D53
:100570000678761145F8264070BD1A4A0A400243B3
:10058000154B1B1F1A60704739B1134A121D1268B0
:100590000243114B1B1D1A6006E00F4A121D126820
:1005A00082430D4B1B1D1A607047042808D14FF081
:1005B000E021096941F004014FF0E022116107E0F8
:1005C0004FF0E021096921F004014FF0E0221161B0
:1005D000704700000000FA050CED00E000E400E0C8
:1005E00080E100E080FFFF1F002044490860091DF2
:1005F0000860091D0860091D086041483F49143121
:100600000860704700213D498279002A3AD00A46A5
:10061000126803689A430B461A600A1D1268036841
:100620009A430B1D1A60027911440A6803681A4341
:100630000A60324A0832126803689A432F4B083323
:100640001A601A1D126803689A432C4B0C331A6007
:100650004279102A0ED11A1F126803681A43274BD9
:1006600008331A601A1D126803681A43234B0C33AF
:100670001A600DE02149427911440A6803681A435F
:100680000A6005E0027911440A6803689A430A6027
:1006900070470021016001710C21417100218171BD
:1006A00070471649103109680143144A103211602D
:1006B000704701460020114A143212680A400AB1FC
:1006C000012000E0002070470C4914310860704799
:1006D000014600200022094B1B6803EA0102074B78
:1006E00014331B680B4013B10AB1012000E0002055
:1006F000704702491431086070470000000401404F
:10070000FFFF0F0010B50446CC48844208D10121F8
:10071000042000F02DFB0021042000F029FB46E01E
:10072000C748844208D10121082000F021FB0021A4
:10073000082000F01DFB3AE0C248844208D10121A4
:10074000102000F015FB0021102000F011FB2EE01E
:10075000BD48844208D10121202000F009FB00217E
:10076000202000F005FB22E0B848844208D1012196
:10077000402000F0FDFA0021402000F0F9FA16E0D8
:10078000B348844208D10121802000F0F1FA002111
:10079000802000F0EDFA0AE0AE48844207D1012142
:1007A000801500F0E5FA0021A01500F0E1FA10BD77
:1007B00010B50121084600F0DBFA0021012000F00D
:1007C000D7FA10BD2DE9F041024600250026002091
:1007D00000230024002791F803C00CF00F0591F8C6
:1007E00003C00CF0100CBCF1000F03D091F802C054
:1007F0004CEA050591F800C0BCF1000F31D0146837
:1008000000202BE04FF0010C0CFA00F3B1F800C00F
:100810000CEA03069E4220D183004FF00F0C0CFA25
:1008200003F7BC4305FA03FC4CEA040491F803C047
:10083000BCF1280F06D14FF0010C0CFA00FCC2F8F5
:1008400014C00AE091F803C0BCF1480F05D14FF085
:10085000010C0CFA00FCC2F810C0401C0828D1D3CF
:100860001460B1F800C0BCF1FF0F34DD5468002003
:100870002EE000F1080C4FF0010808FA0CF3B1F873
:1008800000C00CEA03069E4221D183004FF00F0CFA
:100890000CFA03F7BC4305FA03FC4CEA040491F894
:1008A00003C0BCF1280F05D100F1080C08FA0CF8C0
:1008B000C2F8148091F803C0BCF1480F07D100F1D1
:1008C000080C4FF0010808FA0CF8C2F81080401C20
:1008D0000828CED35460BDE8F0814FF6FF71018047
:1008E000022181700421C170704702460020936884
:1008F0000B400BB1012000E00020704701468868E2
:1009000080B2704702460020D3680B400BB1012033
:1009100000E0002070470146C86880B2704701615E
:100920007047416170470AB1016100E04161704761
:10093000C16070474FF480320A43826181618261F5
:1009400082698269704702460020434B18684FF65F
:100950008073184040EA021008433F4B186070470C
:100960003E49C8617047F0B50A46002300240021C3
:10097000002500F00046B6F1004F02D1364EF16975
:1009800001E0354E7168C0F3034583B200F44016B0
:10099000B6F5401F08D121F070612F4E766826F021
:1009A00070662D4F7E6012E000F48016B6F5801F51
:1009B00006D1032606FA05F4A14341F0706106E072
:1009C000460D360103FA06F6B14341F0706122B1DB
:1009D000460D360103FA06F6314300F00046B6F143
:1009E000004F02D11C4EF16101E01B4E7160F0BD61
:1009F00030B500228B071C0F0F2303FA04F2164BAD
:100A000008338C1053F824309343134C08348D1062
:100A100044F8253023468C1053F824308C07240FDB
:100A200000FA04F423430C4C08348D1044F82530AC
:100A300030BD0A49DC310860704700000008014001
:100A4000000C01400010014000140140001801405A
:100A5000001C014000200140000001400000204235
:100A6000DF48006840F00100DD4908600846406842
:100A7000DC490840DA49486008460068DA4908401D
:100A8000D74908600846006820F4802008600846BE
:100A9000406820F4FE0048604FF41F0088607047F3
:100AA000CF49096821F48031CD4A116011460968A7
:100AB00021F480211160B0F5803F03D0B0F5802F84
:100AC0000ED106E0C649096841F48031C44A11607C
:100AD00007E0C349096841F4A021C14A116000E060
:100AE00000BF00BF704710B5014600220023002060
:100AF0004A11012A02D1BA4C236806E0022A02D127
:100B0000B74C236A01E0B64C636A01F01F0201246E
:100B100094401C400CB1012000E0002010BD38B50D
:100B2000002000900024002500BF3120FFF7DBFFEC
:100B300005460098401C00900098B0F5A06F01D0C9
:100B4000002DF2D03120FFF7CEFF08B1012400E0E4
:100B50000024204638BD01460020A14A106820F03C
:100B6000F80040EAC10010607047A0490860704773
:100B7000024600209A4B586820F47C1042EA010398
:100B80001843974B5860704798490866704701466C
:100B90000020934A506820F00300084350607047DB
:100BA0008F48406800F00C007047014600208C4AD6
:100BB000506820F0F0000843506070470146002064
:100BC000874A506820F4E06008435060704701464F
:100BD0000020834A506820F4605040EAC100506011
:100BE000704729B17E4A527A02437D4B5A7204E023
:100BF0007B4A527A82437A4B5A7270477B49D8318A
:100C00000860704701460020754A506820F4404053
:100C10000843506070470021714A20321170704AB9
:100C200082F82010012802D004280AD104E0012112
:100C30006B4A2032117005E00521694A203211709B
:100C400000E000BF00BF7047694908607047644911
:100C5000096A0143624A1162704765494439086074
:100C6000704730B500210022002400235C4D6D68E0
:100C700005F00C0121B1042905D0082923D105E094
:100C80005C4D056022E05B4D05601FE0544D6D68D2
:100C900005F47012524D6D6805F48034022505EBA1
:100CA00092421CB9544D554305600BE04C4D6D68A4
:100CB00005F400351DB1504D5543056002E04D4D22
:100CC0005543056002E04B4D056000BF00BF444D39
:100CD0006D6805F0F0010909484D6B5C0568DD4061
:100CE00045603F4D6D6805F4E061090A434D6B5C5A
:100CF0004568DD4085603A4D6D6805F46051C90A6C
:100D00003E4D6B5C4568DD40C560354D6D6805F452
:100D10004041890B3A4D6B5CC568B5FBF3F5056145
:100D200030BD29B12E4A526902432D4B5A6104E06D
:100D30002B4A526982432A4B5A61704729B1284A8B
:100D400092690243264B9A6104E0254A92698243E4
:100D5000234B9A61704729B1214AD2690243204B43
:100D6000DA6104E01E4AD26982431D4BDA617047A2
:100D700029B11B4AD2680243194BDA6004E0184AD1
:100D8000D2688243164BDA60704729B1144A12695F
:100D90000243134B1A6104E0114A12698243104B5B
:100DA0001A61704712494039086070470F49C8649A
:100DB00070470B49C87170470948406A40F080701D
:100DC00007494862704701460020054A92680A4078
:100DD0000AB1012000E00020704701498872704785
:100DE000001002400000FFF8FFFFF6FE0000424244
:100DF0008004424200127A0000093D0020000020D9
:100E00003000002010B50446FE48844208D101217C
:100E1000C014FFF7ADFF0021E014FFF7A9FFC4E005
:100E2000B4F1804F08D101210846FFF7AEFF002141
:100E30000120FFF7AAFFB8E0F348844208D101215E
:100E40000220FFF7A2FF00210220FFF79EFFACE087
:100E5000EE48844208D101210420FFF796FF0021CB
:100E60000420FFF792FFA0E0E948844208D1012165
:100E70000820FFF78AFF00210820FFF786FF94E093
:100E8000E448844208D101211020FFF77EFF0021B1
:100E90001020FFF77AFF88E0DF48844208D1012163
:100EA0002020FFF772FF00212020FFF76EFF7CE07B
:100EB000DA48844208D101214014FFF759FF00218C
:100EC0006014FFF755FF70E0D548844209D1012135
:100ED000C804FFF74DFF00214FF40020FFF748FF43
:100EE00063E0D048844209D101210805FFF740FFA3
:100EF00000214FF48010FFF73BFF56E0CA488442C0
:100F000009D101214805FFF733FF00214FF40010FC
:100F1000FFF72EFF49E0C548844208D10121402057
:100F2000FFF733FF00214020FFF72FFF3DE0C048CF
:100F3000844208D101218020FFF727FF0021802073
:100F4000FFF723FF31E0BB48844208D1012180151F
:100F5000FFF71BFF0021A015FFF717FF25E0B6489C
:100F6000844209D101210804FFF702FF00214FF458
:100F70008030FFF7FDFE18E0B048844209D101211E
:100F80004804FFF7F5FE00214FF40030FFF7F0FEB4
:100F90000BE0AB48844208D101218804FFF7E8FE4A
:100FA00000214FF48020FFF7E3FE10BD00220288ED
:100FB000944B98420ED0994B98420BD0B0F1804F91
:100FC00008D0914B984205D0904B984202D0904B5C
:100FD000984204D14FF68F731A404B881A438D4BB9
:100FE000984207D08C4B984204D04FF6FF431A40EA
:100FF000CB881A4302808B8883850B880385814BBD
:1010000098420BD0854B984208D08B4B984205D024
:101010008A4B984202D08A4B984201D10B7A0386C0
:1010200001238382704770B5002400220023058CC1
:101030004FF6FE7635400584028C8388048B4FF68C
:101040008F752C40B51E2C400D882C43751E2A40F0
:101050000D892A434D882A436A4DA8420BD06F4D13
:10106000A84208D0744DA84205D0744DA84202D0C1
:10107000734DA84213D14FF6F7752A404D892A4384
:101080004FF6FB752A408D882A434FF6FF652B40AB
:101090004FF6FF552B408D892B43CD892B43838001
:1010A0000483CD888586028470BD70B5002400223B
:1010B0000023058C4FF6EF7635400584028C83883B
:1010C000048B48F6FF752C404FF6FF452C400D88E9
:1010D0004FF6FF7606EA05252C434FF6DF752A40CA
:1010E0000D8906EA05152A434D8806EA05152A43A7
:1010F000444DA84202D0494DA8421DD14FF67F75FC
:101100002A404D894FF6FF7606EA05152A434FF629
:10111000BF752A408D8806EA05152A434FF6FF352C
:101120002B404FF2FF752B408D8906EA85052B4336
:10113000CD8906EA85052B4383800483CD88058706
:10114000028470BD70B5002400220023058C4FF688
:10115000FF6635400584028C8388848B4FF68F753B
:101160002C404FF6FC752C400D882C434FF6FF5554
:101170002A400D894FF6FF7606EA05252A434D8859
:1011800006EA05252A431F4DA84202D0234DA84256
:101190001DD14FF2FF752A404D894FF6FF7606EAC2
:1011A00005252A434FF6FF352A408D8806EA052596
:1011B0002A434EF6FF752B404DF6FF752B408D8967
:1011C00006EA05152B43CD8906EA05152B438380D6
:1011D0008483CD888587028470BD70B5002200238A
:1011E0000024058C4EF6FF7635400584038C8488F8
:1011F000828B48F6FF752A404FF6FF452A400D883E
:1012000020E00000002C01400004004000080040E5
:10121000000C004000100040001400400034014069
:10122000004C0140005001400054014000180040B3
:10123000001C0040002000400040014000440140EC
:10124000004801404FF6FF7606EA05252A434DF691
:10125000FF752B400D8906EA05352B434D8806EABC
:1012600005352B43FA4DA84202D0FA4DA84208D1C9
:101270004BF6FF752C408D894FF6FF7606EA8515F3
:101280002C4384808283CD88A0F84050038470BDB5
:10129000828B4FF2FF331A408283828B4FF6FF73AB
:1012A00003EA01231A4382837047F0B50C461546C2
:1012B000002200210026078C4EF6FF7C07EA0C076F
:1012C0000784828B018C4FF6FF7707EA043640F6DD
:1012D000FF473A404FF6FF7707EA05273A434FF6B4
:1012E000FF7707EA03373A43D94FB8420ED0D94FB8
:1012F000B8420BD0B0F1804F08D0D74FB84205D0DC
:10130000D64FB84202D0D64FB84206D14DF6FF773D
:10131000394046F48057394305E047F6FF573940D6
:1013200044F48057394382830184F0BD828B4FF6A9
:10133000F3731A408283828B0A4382837047F0B52D
:101340000C461546002200210026078C4FF6FF6C44
:1013500007EA0C070784828B018C4FF6FF7707EAB8
:1013600004264FF60C773A404FF6FF7707EA03174B
:101370002F433A43B64FB8420ED0B64FB8420BD0C7
:10138000B0F1804F08D0B44FB84205D0B34FB84247
:1013900002D0B34FB84206D14FF6FF57394046F45A
:1013A0008077394305E04FF2FF57394044F48077A6
:1013B000394382830184F0BD028B4FF2FF331A4020
:1013C0000283028B4FF6FF7303EA01231A43028361
:1013D0007047F0B50C461546002200210026078C08
:1013E0004FF6EF7C07EA0C070784028B018C4FF65F
:1013F000FF7707EA041640F6FF473A404FF6FF77BB
:1014000007EA03373A434FF6FF7707EA05273A43DF
:101410008F4FB8420ED08F4FB8420BD0B0F1804FF3
:1014200008D08D4FB84205D08C4FB84202D08C4FB7
:10143000B84206D14FF6DF77394046F010073943FE
:1014400005E04FF65F77394044F0100739430283D7
:101450000184F0BD028B4FF6F3731A400283028BB6
:101460000A4302837047F0B50C461546002200215E
:10147000068C4FF6FE773E400684028B018C4FF6B9
:101480000C7632407E1C06EA03162E433243704E21
:10149000B0420ED06F4EB0420BD0B0F1804F08D0AA
:1014A0006D4EB04205D06D4EB04202D06C4EB0428F
:1014B00006D14FF6FD76314044F00106314305E098
:1014C0004FF6F576314044F0010631430283018442
:1014D000F0BD70B505460C465D4885420ED05D48AE
:1014E00085420BD0B5F1804F08D05B48854205D0CE
:1014F0005A48854202D05A48854200D100E000BFD8
:10150000208850B92389A28861882846FFF7ABFF5D
:10151000E1882846FFF79EFF25E0208804280AD1AD
:101520002389A28861882846FFF753FFE18828466F
:10153000FFF742FF17E0208808280AD12389A288F4
:1015400061882846FFF7FBFEE1882846FFF7EEFE9C
:1015500009E02389A28861882846FFF7A6FEE18872
:101560002846FFF795FE70BD2DE9F04105460C4673
:1015700000260127608808B9022600E00026A0881E
:10158000012801D1022700E001272088A0B9238982
:10159000A28861882846FFF766FFE1882846FFF7A2
:1015A00059FF23893A4631462846FFF712FFE18862
:1015B0002846FFF701FF13E02389A28861882846A7
:1015C000FFF707FFE1882846FFF7F6FE23893A4632
:1015D00031462846FFF747FFE1882846FFF73AFFE4
:1015E000BDE8F0810A884B881A438B881A43CB8860
:1015F0001A430B891A434B891A438B891A43A0F863
:10160000442070474FF6FF71818000210180C18026
:101610004180017270470021018041808180C1803A
:10162000018141818181C181704700210180418018
:10163000012181800021C18001817047002101804A
:1016400041808180C180018141818181704700009A
:10165000002C01400034014000040040000800401C
:10166000000C004021B1028842F00102028004E037
:1016700002884FF6FE731A400280704731B1B0F80D
:10168000442042F40042A0F8442005E0B0F8442091
:10169000C2F30E02A0F8442070471AB183890B43AD
:1016A000838102E083898B43838170478182704705
:1016B00041EA0203A0F8483070471AB183890B430E
:1016C000838102E083898B438381704701894FF6D0
:1016D000F8721140018170470A46002101894FF6D6
:1016E0008F73194011430181704730B504460D4690
:1016F00029462046FFF7F0FF208940F007002081AF
:1017000030BD2DE9F04104460D4616461F46602DBA
:1017100006D13B46012231462046FFF75AFE05E03E
:101720003B46012231462046FFF79DFE29462046D2
:10173000FFF7D2FF208940F007002081BDE8F0814B
:1017400030B50C4600210189C9B24FF6FF7505EA94
:101750000325154325432943018130BD2DE9F0417F
:1017600005460E4617469846002443463A463146FB
:101770002846FFF7E5FF2C894FF6F870044044F047
:1017800007044FF68F70044044F070042C81BDE8CC
:10179000F081F0B504460D4616461F463B463246DC
:1017A00029462046FFF7CCFF208940F48040208165
:1017B000F0BD0185828270470A46002101884FF6FC
:1017C0008F731940114301807047F0B50C461546E0
:1017D0001E460021002200230189028B038C4FF654
:1017E000F877394021434FF6FC473A4040F2011761
:1017F0003A434FF6DD773B404FF6FF7707EA06178F
:101800002F433B43018102830384F0BD0A4600213C
:10181000018B4FF68F7319401143018370470A46BD
:101820000021018B48F6FF7319404FF6FF7303EA5E
:1018300002231943018370470A460021818B4FF62A
:101840008F7319401143818370470A460021818BB1
:1018500048F6FF7319404FF6FF7303EA022319435A
:101860008183704721B1028842F08002028004E047
:1018700002884FF67F731A400280704721B1828838
:1018800042F00402828004E082884FF6FB731A4023
:101890008280704721B1828842F00802828004E091
:1018A00082884FF6F7731A408280704721B1828890
:1018B00042F00102828004E082884FF6FE731A40F3
:1018C000828070470A460021018B4FF6F77319405A
:1018D0001143018370470A460021018B4FF2FF73C9
:1018E00019404FF6FF7303EA02231943018370473F
:1018F0000A460021818B4FF6F7731940114381830B
:1019000070470A460021818B4FF2FF7319404FF652
:10191000FF7303EA02231943818370470A460021BB
:10192000018B4FF6FB7319401143018370470A4640
:101930000021018B4FF6FF3319404FF6FF7303EA86
:1019400002231943018370470A460021818B4FF619
:10195000FB7319401143818370470A460021818B34
:101960004FF6FF3319404FF6FF7303EA0223194382
:10197000818370470A460021018B4FF67F7319401F
:101980001143018370470A460021018BC1F30E0108
:101990004FF6FF7303EA02231943018370470A4697
:1019A0000021818B4FF67F7319401143818370476B
:1019B0000A460021818BC1F30E014FF6FF7303EA43
:1019C00002231943818370470A460021018C4FF698
:1019D000FD7319401143018470470A460021018CB0
:1019E0004FF6F77319401143018470470A460021EE
:1019F000018C4FF6DF7319404FF6FF7303EA0213B1
:101A00001943018470470A460021018C4FF67F7309
:101A100019404FF6FF7303EA02131943018470471C
:101A20000A460021018C4FF6FF5319404FF6FF7311
:101A300003EA02231943018470470A460021018CFE
:101A40004FF2FF7319404FF6FF7303EA0223194365
:101A5000018470470A460021018C4DF6FF7319403E
:101A60004FF6FF7303EA023319430184704730B520
:101A7000002301248C40A3B2048C9C430484048C76
:101A800002FA01F5ADB22C43048430BD30B5002319
:101A900004248C40A3B2048C9C430484048C02FA7A
:101AA00001F5ADB22C43048430BD70B5034600206F
:101AB00000241846183001258D40ACB21D8CA5437A
:101AC0001D8409B1082909D100EB6100056825F0E2
:101AD000700505600568154305600EE00D1FC5F330
:101AE0004E052844056825F4E045056005684FF675
:101AF000FF7606EA02263543056070BD21B10288F3
:101B000042F00202028004E002884FF6FD731A40A0
:101B10000280704721B1028842F00402028004E092
:101B200002884FF6FB731A400280704721B1828809
:101B300042F08002828004E082884FF67F731A4070
:101B40008280704702884FF6F7731A40028002883D
:101B50000A430280704782884FF68F731A40828052
:101B600082880A438280704702894FF6F8731A40D0
:101B7000028102890A430281704702894FF67F730E
:101B80001A40028102890A430281704781847047AA
:101B900081857047818670470187704781877047CC
:101BA000A0F84010704702884FF6FF431A400280A9
:101BB00002880A43028070470146888E70470146BA
:101BC000088F70470146888F70470146B1F8400082
:101BD00070470146888C70470146088D7047024661
:101BE0000020138A0B400BB1012000E00020704759
:101BF000CA430282704730B5024600200023002409
:101C0000158A05EA0103958905EA010413B10CB1AF
:101C1000012000E0002030BDCA430282704700006E
:101C200010B50446FB48844209D101218803FFF71F
:101C30009FF800214FF48040FFF79AF832E0F64811
:101C4000844209D101214804FFF79FF800214FF495
:101C50000030FFF79AF825E0F048844209D10121CD
:101C60008804FFF792F800214FF48020FFF78DF8E9
:101C700018E0EB48844209D10121C804FFF785F838
:101C800000214FF40020FFF780F80BE0E548844284
:101C900008D101210805FFF778F800214FF48010E2
:101CA000FFF773F810BD2DE9F04786B005460E46E4
:101CB0000024A24600BFA1460027B08900B100BFA2
:101CC0002F462C8A4CF6FF700440F08804432C8287
:101CD000AC894EF6F3100440B0883189084371890D
:101CE00008430443AC81AC8A4FF6FF400440B089FE
:101CF0000443AC8201A8FEF7B4FFC648874202D174
:101D0000DDF810A001E0DDF80CA0A88900F4004087
:101D100040B10AEBCA0000EB0A1031684900B0FB81
:101D2000F1F807E00AEBCA0000EB0A1031688900FD
:101D3000B0FBF1F86420B8FBF0F004012009642145
:101D400001FB1089A88900F4004040B1322000EB6B
:101D5000C900B0FBF1F000F00700044308E03220B6
:101D600000EB09106421B0FBF1F000F00F00044318
:101D70002C8106B0BDE8F0874FF4165101600021B8
:101D80008180C18001810C214181002181817047C6
:101D900010B502460020108A4FF2FF0318400B884E
:101DA0004C8823438C882343CC88234318431082D8
:101DB00010BD0021018041808180C180704721B128
:101DC000828942F40052828104E082894DF6FF73D9
:101DD0001A4082817047F0B5034600240026002592
:101DE000002040F66A17B94200D100BF1846C1F37F
:101DF000421401F01F06012707FA06F5012C01D154
:101E00000C3004E0022C01D1103000E014301AB183
:101E100007682F43076002E00768AF430760F0BD23
:101E20001AB1838A0B43838202E0838A8B438382C5
:101E30007047028A4FF6F0731A400282028A0A4300
:101E40000282704782894FF2FF731A408281828931
:101E50000A438281704721B1828942F00202828165
:101E600004E082894FF6FD731A4082817047028A2E
:101E70004FF6DF731A400282028A0A4302827047D9
:101E800021B1028A42F48042028204E0028A4BF6C7
:101E9000FF731A4002827047C1F3080282807047C4
:101EA00001468888C0F308007047818941F001012C
:101EB00081817047028BD2B20283028B42EA0122F7
:101EC00002837047028B02F47F420283028B0A4333
:101ED0000283704721B1828A42F02002828204E0AC
:101EE000828A4FF6DF731A408282704721B1828A5C
:101EF00042F01002828204E0828A4FF6EF731A40A9
:101F00008282704721B1828A42F00802828204E014
:101F1000828A4FF6F7731A408282704721B1828914
:101F200042F40042828103E08289C2F30E02828180
:101F3000704721B1828A42F40062828204E0828A80
:101F40004FF2FF731A4082827047828A4FF6FB730A
:101F50001A408282828A0A438282704721B1828A31
:101F600042F00202828204E0828A4FF6FD731A4038
:101F70008282704702460020B1F5007F00D100BF89
:101F800013880B400BB1012000E00020704701F4E2
:101F90000072B2F5007F00D100BFCA4302807047D3
:101FA00070B50246002400230025002040F66A1682
:101FB000B14200D100BFC1F3421501F01F03012659
:101FC00006FA03F3012D02D19689334006E0022D73
:101FD00002D1168A334001E0968A33400C12012662
:101FE00006FA04F41688344013B10CB1012000E065
:101FF000002070BD10B50022002340F66A14A142F3
:1020000000D100BF0A1201249440A3B2DC43048033
:1020100010BD00000038014000440040004800406E
:10202000004C00400050004010B56FF00400FEF777
:10203000BCFA2E4800682E49B0FBF1F02D4908701B
:102040000846007800EB4001C1EBC0104FF6FF716D
:1020500001EAC0002849088010BD0146254A1278CF
:102060004A434FF0E0235A6100229A611A461269EE
:1020700042F001021A6100BF4FF0E022106900F047
:1020800001021AB100F48032002AF5D04FF0E022AC
:10209000126922F001024FF0E0231A6100229A61D6
:1020A00070470146144A12884A434FF0E0235A61B0
:1020B00000229A611A46126942F001021A6100BFB9
:1020C0004FF0E022106900F001021AB100F48032F2
:1020D000002AF5D04FF0E022126922F001024FF001
:1020E000E0231A6100229A61704700000C00002072
:1020F00000127A003400002036000020014600BFA4
:10210000704700BF494A128802F04002002AF9D005
:10211000C2B2464B1B1D1A80704710B586B00446EC
:10212000012144F20400FEF709FE4FF40070ADF8FF
:10213000140003208DF8160018208DF8170005A94B
:102140003B48FEF73FFB4FF48060ADF814000420DD
:102150008DF8170005A93648FEF734FB25208DF8C9
:10216000000003208DF801008DF8020001208DF899
:1021700003006846FEF7CFF901940020ADF808008F
:10218000ADF80A00ADF80C00ADF810000C20ADF869
:102190000E0001A92548FFF786FD012240F22551D6
:1021A0002248FFF718FE01212048FFF708FE06B07D
:1021B00010BD10B540F225511C48FFF7F1FE10B3D9
:1021C0001A48FFF76DFEC4B21A48008800F40040B8
:1021D000C8B91848008800F4804060B10A2C03D0C8
:1021E00000201449088020E01248008840F4004094
:1021F0001049088019E00D2C06D10E48008840F4E3
:1022000080400C49088010E00A480088C0F30D00A7
:1022100009490C5407480088401C064908800846B4
:102220000088C72801DD0020088010BD003801406B
:10223000000801403C000020741300207FB50546D3
:102240000C4601210846FEF786FDADF80850ADF8B2
:1022500004400020ADF80A00ADF8060001A94FF0D7
:102260008040FEF7A3FE012241218807FFF715FAFF
:1022700001218807FFF7F6F91C208DF800000020E7
:102280008DF8010003208DF8020001208DF8030075
:102290006846FEF740F97FBD2DE9FF470121880719
:1022A000FFF7A9FC01281ED1124A1349134800F078
:1022B0007FFA1048006806F03BFC04460D460E48C5
:1022C000006806F035FC06460F460C48006806F02C
:1022D0002FFC804642460B4609A0CDE90067CDE9B8
:1022E000024504F08BF901218807FFF795FCBDE852
:1022F000FF870000080000200400002000000020EC
:102300000A0D20B8A9D1F6BDC73D252E3266202082
:1023100020202020BAE1B9F6BDC73D252E32662027
:102320002020202020C6ABBABDBDC73D252E326679
:10233000200A0D00014691F90020002A01DD00204D
:102340001EE091F90020002A01DA042018E091F93A
:102350000120002A01DD012012E091F90120002A6C
:1023600001DA05200CE091F90220002A01DD0220AB
:1023700006E091F90220002A01DA062000E0072099
:10238000704770B505462846FFF7D4FF0446E81CA1
:10239000FFF7D0FF44EAC00084B2A81DFFF7CAFFD0
:1023A00044EA801084B2204670BD70B588B002A99E
:1023B00005A802F0C4FB0446072C3FD101A801F098
:1023C00033FE059806F080FD0646019906F0DCFD17
:1023D000054606F03DFD0590069806F075FD06469B
:1023E000019906F0D1FD054606F032FD06900798EA
:1023F00006F06AFD0646019906F0C6FD054606F0A0
:1024000027FD079005A802F0AAFE684601F029FE04
:10241000BDF80010029848430290BDF800100398E0
:1024200048430390BDF8001004984843049002A864
:1024300002F028FFFEA004F0E1F800BF08B070BD74
:102440002DE9F04304460D46DDE907670021012030
:1024500041E0DFF800C43CF81080A0F1010CDFF887
:10246000F49329F81C8009F1160C3CF81090A0F1A7
:10247000010CDFF8E08308F1160828F81C9008F139
:10248000160C3CF81090A0F1010C08F1160828F881
:102490001C9008F1160C3CF81090A0F1010C08F10A
:1024A000160828F81C9008F1160C3CF81090A0F1C2
:1024B000010C08F1160828F81C9008F1160C3CF8DD
:1024C0001090A0F1010C08F1160828F81C9000F1FA
:1024D000010C0CF0FF000A28BBDBDFF878C3ACF876
:1024E0001240ACF82850ACF83E20ACF85430ACF8B0
:1024F0006A60ACF880700021002008E0DFF854C367
:102500003CF910C0614400F1010C0CF0FF000A28F6
:10251000F4DB4FF00A0C91FBFCFC0FFA8CFCDFF8AB
:102520003483A8F814C0002100200AE0DFF824C397
:102530000CF1160C3CF910C0614400F1010C0CF0D8
:10254000FF000A28F2DB4FF00A0C91FBFCFC0FFAAB
:102550008CF8DFF800C3ACF82A80002100200AE0E4
:10256000DFF8F0C20CF12C0C3CF910C0614400F112
:10257000010C0CF0FF000A28F2DB4FF00A0C91FB73
:10258000FCFC0FFA8CF8DFF8CCC2ACF840800021DC
:1025900000200AE0DFF8BCC20CF1420C3CF910C08C
:1025A000614400F1010C0CF0FF000A28F2DB4FF04F
:1025B0000A0C91FBFCFC0FFA8CF8DFF898C2ACF81F
:1025C0005680002100200AE0DFF888C20CF1580C88
:1025D0003CF910C0614400F1010C0CF0FF000A2826
:1025E000F2DB4FF00A0C91FBFCFC0FFA8CF8DFF8E1
:1025F00064C2ACF86C80002100200AE0DFF854C20D
:102600000CF16E0C3CF910C0614400F1010C0CF0AF
:10261000FF000A28F2DB4FF00A0C91FBFCFC0FFADA
:102620008CF8DFF830C2ACF88280BDE8F08338B5B2
:102630000446032302226B21D020009400F057FDB2
:1026400038BD38B50446022304221B21D020009453
:1026500000F04DFD38BD38B50446022304221C218C
:10266000D020009400F043FD38BD10B50446234649
:1026700006226B21D02000F06FFD10BD10B5764B07
:1026800001227521D02000F0C1FC7348007810BDF4
:1026900010B5FFF7F3FF682801D1012010BD00201D
:1026A000FCE710B50446234605226A21D02000F03D
:1026B00053FD10BD10B50446234601223721D0201A
:1026C00000F04AFD10BD10B50220FFF7B0FF032057
:1026D000FFF7B7FF0020FFF7BEFF0020FFF7C5FFA1
:1026E0000020FFF7DEFF0020FFF7E4FF10BD38B544
:1026F000002000906B4601227521682000F028FC24
:1027000056A003F07BFF9DF8000068280ED000BFA4
:102710005B48006800F4E0605A490843001D5849CE
:102720000860BFF34F8F00BF00BFFEE701F089F9DB
:1027300000283CD1782000F0ECFD10B947A003F050
:102740005DFF782000F0CCFF10B94FA003F056FFDA
:10275000C82001F0A6F810B955A003F04FFF02F011
:1027600063FC10B95CA003F049FF6848FFF709FE5D
:10277000044602F063FC10B965A003F03FFF40F28D
:10278000731003F09CF810B96BA003F037FFC8205A
:1027900002F00EFE10B972A003F030FFFFF705FE45
:1027A000012002F087F910B976A003F027FF38BDA9
:1027B0002DE9F04F91B00446894692460EA87A4919
:1027C0000FAB0AAACDE900107849794803F0D6F991
:1027D0007548008800F48070002827D00A9806F019
:1027E00073FB05464FF09D4106F03CFA71490860C5
:1027F0000B9806F069FB05464FF09D4106F032FA52
:102800006D4908600C9806F05FFB05464FF09D414E
:1028100006F028FA694908600D9806F055FB054650
:102820004FF09D4106F01EFA6549CBE0A5E100009E
:1028300073657474696E6720626961732073756370
:1028400063657366756C6C79202E2E2E2E2E2E0DE0
:102850000A0000004A1400203C1400206D70755FCF
:102860007365745F73656E736F7220636F6D706CE8
:10287000657465202E2E2E2E2E2E0D0A00000000CF
:102880000CED00E00000FA056D70755F636F6E6619
:1028900069677572655F6669666F20636F6D706CDE
:1028A000657465202E2E2E2E2E2E0D0A000000009F
:1028B0006D70755F7365745F73616D706C655F7269
:1028C00061746520636F6D706C657465202E2E2EAB
:1028D0002E2E2E0D0A000000646D705F6C6F616417
:1028E0005F6D6F74696F6E5F6472697665725F6643
:1028F00069726D7761726520636F6D706C65746568
:10290000202E2E2E2E2E2E0D0A00000060000020FC
:10291000646D705F7365745F6F7269656E74617406
:10292000696F6E20636F6D706C657465202E2E2E3E
:102930002E2E2E0D0A000000646D705F656E6162C0
:102940006C655F6665617475726520636F6D706C30
:10295000657465202E2E2E2E2E2E0D0A00000000EE
:10296000646D705F7365745F6669666F5F726174D2
:102970006520636F6D706C657465202E2E2E2E2E73
:102980002E0D0A006D70755F7365745F646D705F06
:10299000737461746520636F6D706C657465202E4F
:1029A0002E2E2E2E2E0D0A004C0000204600002058
:1029B000400000205000002054000020580000205B
:1029C0005C0000200860A44801684FF0804006F0D9
:1029D000DBFA0590A1480168059806F0D5FA834610
:1029E0009F4801684FF0404006F0CEFA05909D48A0
:1029F0000168059806F0C8FA5946069006F0C4F832
:102A0000079006F095F8CDE9080105F039F807467A
:102A10004FF06632944B05F0B1FD054605F074FBAE
:102A200020608E4801684FF0804006F0ADFA0290B9
:102A30008A480168029806F0A7FA83468848016828
:102A40004FF0404006F0A0FA0290854801680298D5
:102A500006F09AFA5946039006F094FB80464FF030
:102A60007E5106F091F8074606F062F8CDE90601BE
:102A7000794801684FF0804006F086FA0390784864
:102A80000168039806F080FA8046744801684FF0A8
:102A9000804006F079FA039072480168039806F0C6
:102AA00073FA8346414606F06FF8074606F040F891
:102AB000CDE90401DDE9062305F02AFA4FF066327C
:102AC000694BCDE9080105F059FD054605F01CFBF1
:102AD000C9F8000063480168006806F055FA0490E0
:102AE0005E480168006806F04FFA02905C48016891
:102AF000006806F049FA019057480168006806F03E
:102B000043FA0090019906F03FF88346029906F0D7
:102B100039FB0390049906F035FB059006F008F8A0
:102B200005460E464F4801684B48006806F02CFAEF
:102B300004904A4801684A48006806F025FA039064
:102B4000049906F021F84FF08041059006F01CFA38
:102B5000834605F0EDFF2A463346CDE9060105F030
:102B6000D7F94FF06632404BCDE9080105F006FD7C
:102B7000074605F0C9FACAF8000011B0BDE8F08FA9
:102B80002DE9F05F4221D02000F01DFA05464121D9
:102B9000D02000F018FA05EB0024204606F094F946
:102BA00082464FF08E41504606F0BAFA05D24FF0F9
:102BB0008F41504606F0E6FA82462C49504606F010
:102BC00051F8834605F0B4FF8046294A294B05F0A9
:102BD000CDFA06460022284B05F0D0FC044605F04D
:102BE00093FA8246504606F033F9BDE8F09F1FB5D0
:102BF00001210846FEF7A2F801210820FEF79EF801
:102C00002020ADF80C0048208DF80F0003A91B48C8
:102C1000FDF7D8FD05210120FDF7EAFE20200190F7
:102C200000208DF808000C208DF8090001208DF897
:102C30000A0001A8FDF7E6FC17208DF8000002202D
:102C40008DF8010001208DF802008DF80300684620
:102C5000FDF761FC1FBD000050000020580000205F
:102C6000540000205C00002066A64C400000AA43EF
:102C7000A4703D0AD743424000002440000C0140AC
:102C800010B50220FFF7E9F910BD08B501210820B1
:102C9000FEF754F8C020ADF8000010208DF80300B6
:102CA00003208DF802006946FC48FDF78BFDC0212A
:102CB000FA48FDF734FE08BD10B5F848006820F06A
:102CC0007040F64908600846006840F040500860CF
:102CD0000120F3490860F348D0F81C0108B900202E
:102CE00010BD0120EE49091F0860FFF7C9FF002051
:102CF000EC49C1F89C01EA488038006808B100201E
:102D0000EEE7FFF7BDFF0020E549091F086001203D
:102D1000E6E710B5E148006820F07040DF49086040
:102D20000846006840F0405008600020DC49091F58
:102D30000860DC49C1F89C01FFF7A2FF0120D849D7
:102D4000091F0860D749C1F89C01FFF799FF10BD22
:102D500010B50024D148006820F07040CF490860C9
:102D60000846006840F0004008600120CC49086037
:102D7000FFF786FF0120CB49C1F89801FFF780FFDC
:102D800009E0601CC4B2642C03DDFFF7C2FF002021
:102D900010BDFFF775FFC248803800680028F0D1E9
:102DA000BF49091F08600120F2E710B50020BC49A7
:102DB000091F0860B948006820F07040B7490860F2
:102DC0000846006840F0405008600020B549C1F84E
:102DD0009C01FFF755FF0120B149091F0860FFF76B
:102DE0004FFF0020AF49C1F8980110BD10B5002079
:102DF000AB49091F0860A948006820F07040A74946
:102E000008600846006840F0405008600120A5496D
:102E1000C1F89C01FFF734FF0120A149091F086098
:102E2000FFF72EFF00209F49C1F8980110BD70B533
:102E300004469A48006820F07040984908600846A7
:102E4000006840F04050086000209549091F086064
:102E500000251AE0E00918B101209149086002E05C
:102E600000208F4908606006040EFFF709FF01206B
:102E70008B49091F0860FFF703FF00208949C1F84B
:102E80009801FFF7FDFE681CC5B2082DE2DB70BD9E
:102E900070B5054600248148006820F070407F49E5
:102EA00008600846006840F000400860002615E011
:102EB00000207B49091F0860FFF7E2FE01207949E5
:102EC000C1F898016006040E75488038006808B1A2
:102ED000601CC4B2FFF7D4FE701CC6B2082EE7DB3C
:102EE00015B9FFF783FF01E0FFF75FFF204670BDD4
:102EF0002DE9F04105460E4617469846FFF7DCFEE1
:102F000010B90120BDE8F0816906080EFFF78FFFB8
:102F1000FFF71EFF18B9FFF7FCFE0120F2E730466D
:102F2000FFF785FFFFF714FF00240BE018F80400FB
:102F3000FFF77DFFFFF70CFF18B9FFF7EAFE00204F
:102F4000E0E7641CBC42F1DBFFF7E3FE0020D9E7B9
:102F50002DE9F04106460F4614461D46FFF7ACFE2C
:102F600010B90120BDE8F0817106080EFFF75FFF80
:102F7000FFF7EEFE18B9FFF7CCFE0120F2E7384666
:102F8000FFF755FFFFF7E4FEFFF796FE012101EB87
:102F90004601C8B2FFF74BFFFFF7DAFE0DE0012C48
:102FA00004D10020FFF774FF287003E00120FFF731
:102FB0006FFF28706D1C601EC4B2002CEFD1FFF7AC
:102FC000A8FE0020CEE770B505460E460024FFF7A8
:102FD00073FE2846FFF72BFF641CFFF7B9FE30464F
:102FE000FFF725FF641CFFF7B3FEFFF765FE691CC2
:102FF000C8B2FFF71CFF641CFFF7AAFE0020FFF712
:1030000047FF0446FFF785FE204670BD2DE9F041DD
:103010000746884615461E460024FFF74DFE3846F3
:10302000FFF705FFFFF794FE4046FFF700FFFFF7AD
:103030008FFEFFF741FE791CC8B2FFF7F8FEFFF7DD
:1030400087FE00BF0DE0681EA04204D00120FFF7FC
:103050001FFF305503E00020FFF71AFF3055601CBA
:10306000C4B2AC42EFDBFFF754FE2046BDE8F0816E
:103070002DE9F04180460D4616461F460024FFF715
:103080001BFE4046FFF7D3FEFFF762FE2846FFF720
:10309000CEFEFFF75DFE00BF0DE00000000C01401A
:1030A0009C81214200802142385DFFF7C0FEFFF77E
:1030B0004FFE601CC4B2B442F6DBFFF72AFE0120CB
:1030C000BDE8F08170B505460E46144631462846E7
:1030D000FFF779FF2070012070BD37B504460D461B
:1030E00002AB012229462046FFF7C2FF3EBD2DE973
:1030F000F8430746884614461D46089E6A464146E0
:103100003846FFF7DFFF28B3601CFF2101FA00F00B
:10311000C4F108012944491EFF220A41104300F06E
:10312000FF09C5F1080006FA00F0C6B2C4F10700B5
:1031300006419DF8000000EA090000909DF800009B
:10314000304300909DF8002041463846FFF7C5FF08
:10315000BDE8F8830020FBE7F8B506460F461446A5
:103160001D466A4639463046FFF7ACFF2DB10120B7
:10317000A0409DF80010084305E00120A0409DF804
:10318000001021EA0000C0B200909DF800203946EE
:103190003046FFF7A2FFF8BD38B50446FB4890F86B
:1031A0002400C0B114B10220009001E00020009082
:1031B000F64A1268D17BF54A526810786B460122B4
:1031C000FFF796FE10B14FF0FF3038BD9DF80010AC
:1031D000EE48417423E0ED48807A10B94FF0FF309B
:1031E000F3E724B1E948407C08B10020EDE714B1D1
:1031F0000120009001E000200090E44A1268D17B99
:10320000E24A526810786B460122FFF771FE10B156
:103210004FF0FF30D9E79DF80010DC4841740020E2
:10322000D3E738B5002419E0D8480068C07AA04236
:1032300004D0D6480068407DA04200D10CE0D349BC
:10324000496808786B4601222146FFF781FE10B1DC
:103250004FF0FF3038BD00BF601CC4B2CB4840689F
:103260000079A042E0DC0020F4E770B504460D468A
:10327000C6480068C07AA04204D0C4480068407DB7
:10328000A04202D14FF0FF3070BDC04840680079C5
:10329000A04202DC4FF0FF30F6E7BC4949680878ED
:1032A0002B4601222146FFF753FEEDE738B50446D1
:1032B000B64890F82300A04201D1002038BD14B1D7
:1032C0003020009001E000200090B048807C20B1C8
:1032D0009DF8000040F002000090AC4890F82200F9
:1032E00020B19DF8000040F080000090A74A1268CD
:1032F000117DA64A526810786B460122FFF7F8FD4F
:1033000010B14FF0FF30D9E7A04880F823400020EB
:10331000D4E738B5044604F0700010B101200090E5
:1033200005E014B10020009001E040200090974A91
:103330001268917C954A526810786B460122FFF71B
:10334000D7FD20B1002191488172481E38BD9DF8FB
:10335000000020F040018D4801730020009004F02F
:10336000400020B99DF8000040F00400009004F0F7
:10337000200020B99DF8000040F00200009004F009
:10338000100020B99DF8000040F00100009004F00A
:10339000080020B99DF8000040F0380000907B4AFA
:1033A0001268D17C794A526810786B460122FFF787
:1033B0009FFD20B1002175488172481EC6E724B1E7
:1033C000082C02D00020FFF771FF704884720021A2
:1033D00001753220FEF765FE0020B7E738B50446D8
:1033E0006A48807CA04201D1002038BD002C46D024
:1033F000664A12681179654A526810786B46012254
:10340000FFF7A6FD10B14FF0FF30EEE79DF800008A
:1034100020F0200000905D4A126811795B4A5268E2
:1034200010786B460122FFF763FD10B14FF0FF30BB
:10343000DBE70320FEF735FE02200090534890F8AA
:10344000220020B19DF8000040F0800000904F481D
:1034500090F8230020B19DF8000040F0300000906B
:103460004A4A1268117D494A526810786B46012217
:10347000FFF73EFD002851D04FF0FF30B5E7434A3B
:1034800012681179414A526810786B460122FFF7A1
:103490005FFD10B14FF0FF30A7E73C48807A00F0A5
:1034A000010028B19DF8000040F02000009004E0E9
:1034B0009DF8000020F020000090344A1268117935
:1034C000324A526810786B460122FFF711FD10B1A5
:1034D0004FF0FF3089E70320FEF7E3FD2B4890F81B
:1034E000220010B18020009001E0002000902748C9
:1034F00090F8230020B19DF8000040F030000090CB
:10350000224A1268117D214A526810786B460122C6
:10351000FFF7EEFC10B14FF0FF3066E71B488474F4
:10352000002062E708B51948807A10B94FF0FF30E3
:1035300008BD00200090154A1268D17B134A5268DA
:1035400010786B460122FFF7D3FC10B14FF0FF302B
:10355000EEE70E4A126851790C4A526810786B46B1
:103560000122FFF7C5FC10B14FF0FF30E0E7074A3A
:1035700012681179054A526810786B460122FFF7EC
:10358000B7FC28B14FF0FF30D2E7000070000020F8
:10359000F74890F82400002850D00C200090F44AFE
:1035A00012681179F24A526810786B460122FFF7CF
:1035B0009FFC10B14FF0FF30BAE7C0200090EC48FC
:1035C000807A00F0010020B19DF8000040F020005A
:1035D0000090E74A12681179E54A526810786B4604
:1035E0000122FFF785FC10B14FF0FF30A0E7E04863
:1035F000407C10B10220009001E000200090DC4AE5
:103600001268D17BDA4A526810786B460122FFF7C4
:103610006FFC10B14FF0FF308AE700200090D44AD1
:1036200012685179D24A526810786B460122FFF72E
:103630005FFC002852D04FF0FF3079E70420009063
:10364000CB4A12681179CA4A526810786B46012237
:10365000FFF74EFC10B14FF0FF3069E7C448807CA3
:1036600020B9C348807A00F0010010B940200090D2
:1036700001E060200090BE4A12681179BC4A52688D
:1036800010786B460122FFF733FC10B14FF0FF308A
:103690004EE7B748407C10B10120009001E00020C7
:1036A0000090B34A1268D17BB14A526810786B46D9
:1036B0000122FFF71DFC10B14FF0FF3038E7AC4A94
:1036C00012685179AA4A52681078A94B1033012226
:1036D000FFF70EFC10B14FF0FF3029E7002027E77D
:1036E00070B50446002624F00104A14890F8240097
:1036F00008B1002070BD9E48807A10B94FF0FF30AD
:10370000F8E79B48057C807A204099490874084670
:10371000007CA04202D04FF0FF3600E0002614B932
:103720009348007D18B10120FFF736FD02E000202C
:10373000FFF732FD3CB1FFF7F5FE20B18C48057470
:103740004FF0FF30D6E73046D4E738B50446884816
:10375000807A10B94FF0FF3038BDBC2C02DB01205D
:10376000009015E0622C02DB0220009010E02A2C71
:1037700002DB032000900BE0142C02DB04200090FD
:1037800006E00A2C02DB0520009001E006200090F4
:103790007748C07A9DF80010884201D10020DBE70D
:1037A000734A12689178724A526810786B46012207
:1037B000FFF79EFB10B14FF0FF30CDE79DF80010F2
:1037C0006B48C1720020C7E738B50446282C02DDDB
:1037D0004FF0FF3038BDDCB90020FFF767FD002057
:1037E0008DF8000007208DF80100614A1268917C75
:1037F0005F4A526810786B460222FFF779FB10B1DE
:103800004FF0FF30E6E70021594801750020E1E75D
:103810000120FFF74BFD20208DF80000012C06D180
:1038200000208DF801000520FFF78FFF17E0052C21
:1038300006DC01208DF801000520FFF786FF0EE071
:10384000142C06DC02208DF801000A20FFF77DFF12
:1038500005E003208DF801001420FFF776FF9DF8A6
:103860000100072101EB8010C0B28DF80100404A31
:103870001268917C3E4A526810786B460222FFF72C
:1038800037FB10B14FF0FF30A4E7082138488172B0
:1038900000210173012101750020FFF721FF0020A5
:1038A00098E738B504463248807A10B94FF0FF30B7
:1038B00038BD2F4890F8240010B14FF0FF30F7E7E3
:1038C0002B48007D50B134B1282C04DCE0B2FFF766
:1038D0007BFF0020ECE70020FFF776FF042C01DAE5
:1038E000042404E0B4F57A7F01DD4FF47A744FF4D8
:1038F0007A7090FBF4F0401EC0B200901C4A12682F
:1039000051781B4A526810786B460122FFF7F0FA93
:1039100010B14FF0FF30CBE79DF80000401C4FF492
:103920007A7191FBF0F081B21148C1810146C989D9
:103930004810FFF70AFF0020BAE738B504460C48E4
:10394000807A10B94FF0FF3038BD022C06D0042C1D
:1039500007D0082C08D0102C0FD10BE000200090CD
:103960000EE0082000900BE01020009008E000001E
:10397000700000201820009002E04FF0FF30E3E7D5
:1039800000BFF948407A9DF80010B0EBE10F01D17B
:103990000020D9E7F44A1268D179F34A52681078C6
:1039A0006B460122FFF7A4FA10B14FF0FF30CBE7CE
:1039B0009DF80000C110EC4841720020C4E738B502
:1039C0000446E948807A10B94FF0FF3038BDFA2C30
:1039D00009D0B4F5FA7F09D0B4F57A7F09D0B4F5EF
:1039E000FA6F0CD108E0002000900BE00820009056
:1039F00008E01020009005E01820009002E04FF051
:103A0000FF30E3E700BFD848007A9DF80010B0EB24
:103A1000E10F01D10020D9E7D34A12689179D24A47
:103A2000526810786B460122FFF762FA10B14FF02E
:103A3000FF30CBE79DF80000C010CB490872002092
:103A4000C4E71CB580208DF80000C74A1268917C3D
:103A5000C54A526810786B460122FFF749FA10B147
:103A60004FF0FF301CBD6420FEF71BFB00208DF8DB
:103A70000000BD4A1268917CBB4A526810786B46C0
:103A80000122FFF735FA10B14FF0FF30EAE7B64AEE
:103A90001268917DB44A526810786B460622FFF78F
:103AA00057FA10B14FF0FF30DCE79DF80500C00772
:103AB000400F9DF8031001F0010140EA41009DF81C
:103AC000011001F0010140EA010494B1012C03D17D
:103AD0000121A548C17431E0022C03D10021A24884
:103AE000C1742BE02146A1A002F088FD4FF0FF3009
:103AF000B8E79D4A1268D1789B4A526810786B46A5
:103B00000122FFF725FA10B14FF0FF30AAE79DF828
:103B1000000000F00F042CB99E4802F06FFD4FF03A
:103B2000FF309FE7042C06D19BA002F067FD012126
:103B30008D48C17402E000218B48C174FF218A487E
:103B40008172FF2088490872FF2187484172C17243
:103B50004FF6FF71C181FF2101748174012101734E
:103B600080F82210002180F823104175017516306D
:103B7000016041608160163880F8241080F82510BB
:103B8000C1844FF4FA60FFF71AFF10B14FF0FF3015
:103B900068E70220FFF7D1FE10B14FF0FF3061E778
:103BA0002A20FFF7D2FD10B14FF0FF305AE7322044
:103BB000FFF777FE10B14FF0FF3053E70020FFF71B
:103BC0008FFD10B14FF0FF304CE70020FFF706FCEF
:103BD00010B14FF0FF3045E70020FFF79AFB0020BF
:103BE00040E770477CB504460D465F48807A00F098
:103BF000700010B94FF0FF307CBD5B4A1268117B3A
:103C0000594A526810786B460622FFF7A1F910B1A5
:103C10004FF0FF30F0E79DF801009DF8001040EAFA
:103C2000012000B220809DF803009DF8021040EAB8
:103C3000012000B260809DF805009DF8041040EA64
:103C4000012000B2A08015B12846FFF7CAFF00206E
:103C5000D2E77CB504460D464348807A00F0080060
:103C600010B94FF0FF307CBD3F4A1268517B3E4A8D
:103C7000526810786B460622FFF76AF910B14FF0D0
:103C8000FF30F0E79DF801009DF8001040EA0120A8
:103C900000B220809DF803009DF8021040EA012048
:103CA00000B260809DF805009DF8041040EA0120F4
:103CB00000B2A08015B12846FFF793FF0020D2E79D
:103CC0002DE9FE4F05460C462748807A18B94FF07B
:103CD000FF30BDE8FE8F244A1268917B224A526869
:103CE000107802AB0222FFF733F910B14FF0FF302A
:103CF000EFE79DF809009DF8081040EA012006B2A0
:103D000014B12046FFF76DFF17494968C88805F0D0
:103D1000F3F8154901904968B1F9080005F0D4F8A5
:103D20008346304605F0D0F85946009005F02AFA4F
:103D30008246019904F096FF81461F4904F024FF52
:103D400080464FF08F4105F01FF9074605F080F8D7
:103D500028600020BDE710B588B004461CB94FF0BC
:103D6000FF3008B010BD29E070000020556E73755B
:103D700070706F7274656420736F667477617265BA
:103D80002070726F64756374207265762025642ECE
:103D90000A00000014BB000848616C662073656E61
:103DA0007369746976697479207061727420666FC2
:103DB000756E642E0D0A000000000C42206830B9B8
:103DC000606820B9A06810B9002008B010BDFA4999
:103DD0004968087806AB03221146FFF7B9F810B11D
:103DE0004FF0FF30F1E79DF81800082101EB20109B
:103DF00000F00F00ADF800009DF8190001EB201055
:103E000000F00F00ADF802009DF81A0001EB201041
:103E100000F00F00ADF8040020684100BDF900007B
:103E2000403091FBF0F000B2ADF810006068410046
:103E3000BDF90200403091FBF0F000B2ADF8120085
:103E4000A0684100BDF90400403091FBF0F000B2E1
:103E5000ADF81400D8494968087806AB0622114627
:103E6000FFF776F810B14FF0FF30AEE79DF819007C
:103E70009DF8181040EA012000B2ADF808009DF846
:103E80001B009DF81A1040EA012000B2ADF80A00AC
:103E90009DF81D009DF81C1040EA012000B2ADF80D
:103EA0000C00BDF81000BDF80810084400B2ADF8D1
:103EB0001000BDF81200BDF80A10084400B2ADF8B9
:103EC0001200BDF81400BDF80C10084400B2ADF8A3
:103ED0001400BDF81000000A8DF81800BDF810009D
:103EE000C0B28DF81900BDF81200000A8DF81A0052
:103EF000BDF81200C0B28DF81B00BDF81400000A16
:103F00008DF81C00BDF81400C0B28DF81D00AA4940
:103F10004968087806AB06221146FEF7E9FF10B1A2
:103F20004FF0FF3051E700204FE70146A248007AEA
:103F300030B1012807D0022809D003280FD10AE0A8
:103F4000FA2008800EE04FF4FA7008800AE04FF47F
:103F50007A70088006E04FF4FA60088002E00020E2
:103F6000088000BF00BF0020704701469248407A99
:103F700030B1012807D0022808D003280CD108E06E
:103F8000022008700BE00420087008E00820087088
:103F900005E01020087002E04FF0FF30704700BFCE
:103FA0008548C07C18B108784006000E08700020D3
:103FB000F4E701468048C07A082817D2DFE800F00D
:103FC0001704070A0D101318BC20088013E06220A4
:103FD000088010E02A2008800DE0142008800AE004
:103FE0000A20088007E00520088004E000BF00BF29
:103FF0000020088000BF00BF0020704701466E48C7
:1040000090F8240010B14FF0FF3070476A48C08923
:1040100008800020F9E7014600200880401E704714
:1040200001464FF0FF30704701466348007A30B1D7
:10403000012807D0022808D003280CD108E05F48E7
:1040400008600BE05E48086008E05E48086005E034
:104050005D48086002E04FF0FF30704700BF00206D
:10406000FBE701465448407A30B1012808D00228C5
:104070000AD0032810D10BE04FF4804008800EE0F6
:1040800041F69C7008800AE04FF48050088006E0FA
:104090004FF40060088002E04FF0FF30704700BF2F
:1040A0004548C07C10B10888401008800020F5E722
:1040B00001464148007C08700020704701463E4898
:1040C000807A10B10120087001E000200870002003
:1040D000704738B504463848807A10B94FF0FF3041
:1040E00038BD354A1268117C334A526810786B46E5
:1040F0000222FEF72DFF10B14FF0FF30F0E79DF8E0
:1041000001009DF8001040EA012000B2208000204C
:10411000E6E72DE9FE4F0746884692461D46DDF844
:1041200030B000260024244890F8240010B1601E0E
:10413000BDE8FE8F002028701F48807A10B94FF02C
:10414000FF30F5E71C48007C10B94FF0FF30EFE777
:104150001948007C00F0400008B1B01CC6B21648F7
:10416000007C00F0200008B1B01CC6B21248007CF0
:1041700000F0100008B1B01CC6B20F48007C00F07F
:10418000080008B1B01DC6B20B4A1268917A0A4AFB
:10419000526810786B460222FEF7DAFE10B14FF03B
:1041A000FF30C5E79DF801009DF8001040EA0129A5
:1041B000B1450BDA0020BBE770000020000003438C
:1041C000000083423333034233338341FC48406869
:1041D0004088B9EB600F17DDF94A1268517CF84A44
:1041E000526810786B460122FEF7B2FE10B14FF014
:1041F000FF309DE79DF8000000F0100020B1FFF7B0
:1042000091F96FF0010093E75046FFF7EAFCEC4AA2
:104210001268D17AEA4A526810786B463246FEF745
:1042200097FE10B14FF0FF3082E799FBF6F0401E89
:104230008BF8000000202870B4422AD0E048007CAF
:1042400000F0080028B3601C1DF800001DF80410E1
:1042500040EA012000B2A8F80000E01C1DF80010A0
:10426000A01C1DF8000041EA002000B2A8F80200DE
:10427000601D1DF80010201D1DF8000041EA0020FF
:1042800000B2A8F80400287840F008002870A01DAB
:1042900084B2B44213D0CA48007C00F0400070B130
:1042A000601C1DF800001DF8041040EA012000B257
:1042B0003880287840F040002870A01C84B2B442B6
:1042C00013D0BF48007C00F0200070B1601C1DF8C6
:1042D00000001DF8041040EA012000B27880287820
:1042E00040F020002870A01C84B2B44213D0B4481F
:1042F000007C00F0100070B1601C1DF800001DF87B
:10430000041040EA012000B2B880287840F0100084
:104310002870A01C84B200200AE7F8B504460F46B6
:104320001646A74890F8240010B94FF0FF30F8BDAA
:10433000A348807A10B94FF0FF30F8E7A04A12681E
:10434000917A9F4A526810786B460222FEF700FE6F
:1043500010B14FF0FF30EAE79DF801009DF8001022
:1043600040EA0125A54203DA00203070401EDEE756
:10437000934840684088B5EB600F17DD904A12689B
:10438000517C8F4A526810786B460122FEF7E0FD9F
:1043900010B14FF0FF30CAE79DF8000000F01000A8
:1043A00020B1FFF7BFF86FF00100C0E7E2B2844B25
:1043B0001B68D97A824B5B6818783B46FEF7C8FDCC
:1043C00010B14FF0FF30B2E795FBF4F0401E3070B3
:1043D0000020ACE701467A4880F8221000207047A0
:1043E0007CB5054676494968087801AB04220D2161
:1043F000FEF7AEFD08B107207CBD9DF80700C0F3B5
:1044000001109DF8041001F0E00140EAE1008DF890
:1044100000009DF80700C0F381009DF8051001F031
:10442000E00140EAE1008DF801009DF8070000F08E
:1044300003009DF8061001F0E00140EAE1008DF86C
:10444000020000241CE01DF8040018B9002045F803
:10445000240013E05B4845F8240006E055F82400EA
:10446000594904F091FD45F824001DF80400401E50
:10447000C0B20DF804000028F0D100BF601CC4B227
:10448000032CE0DB0020B7E72DE9FE4F06460F4680
:1044900000256846FFF7A4FF002442E056F82400F8
:1044A00057F82410A0EB010ABAF1000F01DB5146C6
:1044B00001E0CAF10001084604F006FD83464FF012
:1044C0008F4104F0CFFB80465DF82400002104F00A
:1044D0008BFC16D05DF82410404604F0C3FB8246E6
:1044E0004FF07E5104F04EFE814629F0004A3748D5
:1044F000416A504604F014FE12D20120A040054348
:104500000EE03248C169404604F00AFD05D32F4849
:10451000016A404604F004FE02D20120A040054397
:10452000641C032CBADB2846BDE8FE8F2DE9FC5F36
:1045300006460F46002522494968087801AB032248
:104540000D21FEF705FD10B10720BDE8FC9F9DF889
:10455000040000F01F008DF804009DF8050000F035
:104560001F008DF805009DF8060000F01F008DF873
:104570000600002462E056F8240057F82410A0EB4F
:10458000010BBBF1000F01DB594601E0CBF100014B
:10459000084604F099FC4FF08F41009004F062FB54
:1045A000814601A8005DC0B30849086804F0A4FC76
:1045B00083465946064804F055FB80460FE000004C
:1045C000700000207B14AE3E1D5A843F8C9300087F
:1045D00000B04C45FE49404604F0D6FC804601A898
:1045E000005D401EC0B201A908550028F2D1414625
:1045F000484604F037FB83464FF07E5104F0C2FD7D
:1046000082462AF0004BF3488169584604F088FD41
:1046100013D20120A04005430FE0FFE7ED480169F8
:10462000484604F07DFC05D3EA484169484604F059
:1046300077FD02D20120A0400543641C032C9ADBC5
:10464000284682E72DE9F04F87B005460C46914693
:1046500001208DF8100000208DF81100DE4A12684C
:10466000917CDD4A5268107804AB0222FEF740FCD0
:1046700020B14FF0FF3007B0BDE8F08FC820FDF744
:1046800010FD00208DF81000D34A1268D17BD24A69
:104690005268107804AB0122FEF72AFC10B14FF0EB
:1046A000FF30E8E7CC4A12685179CB4A526810785B
:1046B00004AB0122FEF71CFC10B14FF0FF30DAE72B
:1046C000C54A1268917CC44A5268107804AB012232
:1046D000FEF70EFC10B14FF0FF30CCE7BE4A126877
:1046E000D17DBD4A5268107804AB0122FEF700FC70
:1046F00010B14FF0FF30BEE7B74A12681179B64AE1
:104700005268107804AB0122FEF7F2FB10B14FF0B3
:10471000FF30B0E70C208DF81000AF4A1268117915
:10472000AD4A5268107804AB0122FEF7E1FB10B1EC
:104730004FF0FF309FE70F20FDF7B3FCA648806ADB
:10474000407A8DF81000A44A12689178A24A526803
:10475000107804AB0122FEF7CBFB10B14FF0FF3015
:1047600089E79D48806A007A8DF810009A4A12689D
:104770005178994A5268107804AB0122FEF7B8FBD1
:1047800010B14FF0FF3076E7B9F1000F07D0924833
:10479000806A807A40F0E0008DF8100004E08E48D6
:1047A000806A807A8DF810008B4A126891798A4A63
:1047B0005268107804AB0122FEF79AFB10B14FF05B
:1047C000FF3058E7B9F1000F07D08348806AC07AFC
:1047D00040F0E0008DF8100003E07E48C07A8DF8CC
:1047E00010007D4A1268D1797B4A5268107804AB78
:1047F0000122FEF77DFB10B14FF0FF303BE7B9F12E
:10480000000F02D0C820FDF74CFC40208DF81000AE
:10481000714A12681179704A5268107804AB01220B
:10482000FEF766FB10B14FF0FF3024E778208DF8DB
:104830001000694A12685179674A5268107804ABCF
:104840000122FEF755FB10B14FF0FF3013E761492D
:104850008889FDF726FC00208DF810005E4A12685A
:1048600051795D4A5268107804AB0122FEF740FB93
:1048700010B14FF0FF30FEE6574A1268917A564A5F
:104880005268107804AB0222FEF762FB10B14FF0C1
:10489000FF30F0E69DF811009DF8101040EA012B62
:1048A0000C209BFBF0F0C6B20020A8606860286076
:1048B000A06060602060824665E0474A1268D17A55
:1048C000454A5268107804AB0C22FEF741FB10B148
:1048D0004FF0FF30CFE69DF811009DF8101040EA30
:1048E000012000B2ADF808009DF813009DF81210E9
:1048F00040EA012000B2ADF80A009DF815009DF8CD
:10490000141040EA012000B2ADF80C00BDF9081007
:10491000206808442060BDF90A106068084460609F
:10492000BDF90C10A0680844A0609DF817009DF820
:10493000161040EA012000B2ADF800009DF8190001
:104940009DF8181040EA012000B2ADF802009DF871
:104950001B009DF81A1040EA012000B2ADF80400D7
:10496000BDF90010286808442860BDF90210686885
:1049700008446860BDF90410A8680844A8600AF1FA
:10498000010000F0FF0AB24597DB1248D0F800C0E2
:104990002868C117090441EA104107046246002350
:1049A000384601F006FE32460023CDE9020101F04F
:1049B00000FE28600748D0F800C06868C1170904E5
:1049C00041EA1041070462460023384606E0000031
:1049D00054E3853F8C9300087000002001F0E9FD4E
:1049E00032460023CDE9020101F0E3FD6860FE4894
:1049F000D0F800C0A868C117090441EA10410704B3
:104A000062460023384601F0D4FD32460023CDE94A
:104A1000020101F0CEFDA860F348D0F804C021687F
:104A2000C817000440EA11480F04624600233846C4
:104A3000414601F0BEFD32460023CDE9020101F0FE
:104A4000B8FD2060E848D0F804C06068C1170904C8
:104A500041EA1041070462460023384601F0A9FDEF
:104A600032460023CDE9020101F0A3FD6060DE487B
:104A7000D0F804C0A068C117090441EA1041070436
:104A800062460023384601F094FD32460023CDE90A
:104A9000020101F08EFDA060A068002804DDA0687E
:104AA000A0F58030A06003E0A06800F58030A06031
:104AB0000020E0E538B50446CC4890F82400A04238
:104AC00001D1002038BD24B3C84890F8250010B9A2
:104AD0004FF0FF30F6E70020FEF75EFB0020FEF708
:104AE0007DFCC249C88CFEF7DCFE00200090BF4967
:104AF000496808786B4601222321FEF7F9F9012164
:104B0000BA4880F824100120FEF746FBFEF70AFDA4
:104B100013E00020FEF740FBB448007C0090B3494E
:104B2000496808786B4601222321FEF7E1F900214C
:104B3000AE4880F82410FEF7F5FC0020C2E72DE90E
:104B4000F04F8DB083460F4602200C90A74890F896
:104B5000240020B10020FFF7ADFF012600E0002671
:104B600003A8FFF7E2F905A8FFF7FFF901A8FFF78F
:104B700020FA02A8FFF742FA9C4890F80AA004A87D
:104B8000FFF796FA002407E0002239465846FFF75F
:104B900059FD00B902E0641C022CF5DB00BF022CB9
:104BA00001D1002528E0002407E0012206A909A878
:104BB000FFF748FD00B902E0641C022CF5DB00BFE2
:104BC000022C01D1002517E006A93846FFF75CFC4E
:104BD00000F0FF0809A95846FFF7A8FC00F0FF09FC
:104BE0000025B9F1000F01D145F00105B8F1000F22
:104BF00001D145F0020500BFFF207C490872FF216A
:104C00007A484172C1724FF6FF71C181FF218172F2
:104C1000017401210173BDF80C00FEF7D0FE9DF870
:104C20001400FEF78AFEBDF80400FEF78EFDBDF805
:104C30000800FEF736FE5046FEF76BFB9DF81000AD
:104C4000FEF74EFD16B10120FFF734FF28460DB0E8
:104C5000BDE8F08FF8B504460D46164616B94FF07C
:104C6000FF30F8BD6148807A10B94FF0FF30F8E7A7
:104C700020128DF80000E0B28DF801009DF80100CF
:104C800028445A4949684989884202DD4FF0FF307B
:104C9000E7E7564A1268117E544A526810786B460C
:104CA0000222FEF725F910B14FF0FF30D9E7EAB242
:104CB0004E4B1B68597D4D4B5B6818783346FEF7A9
:104CC00017F910B14FF0FF30CBE70020C9E7F8B576
:104CD00004460D46164616B94FF0FF30F8BD43485E
:104CE000807A10B94FF0FF30F8E720128DF80000FD
:104CF000E0B28DF801009DF8010028443B49496865
:104D00004989884202DD4FF0FF30E7E7374A1268F1
:104D1000117E364A526810786B460222FEF7E8F898
:104D200010B14FF0FF30D9E7EAB2304B1B68597D24
:104D30002E4B5B6818783346FEF70AF910B14FF036
:104D4000FF30CBE70020C9E72DE9F04385B00546E9
:104D50000E4690469946254890F8250020B14FF020
:104D6000FF3005B0BDE8F08316B94FF0FF30F8E72B
:104D7000002423E0281B102801DD102000E0281B60
:104D800087B2321939462046FFF764FF10B14FF061
:104D9000FF30E6E701AA39462046FFF798FF10B139
:104DA0004FF0FF30DDE730193A4601A901F009FD67
:104DB00010B16FF00100D4E7E01984B2AC42D9DB46
:104DC0004FEA28208DF8000008F0FF008DF8010060
:104DD000064A1268917E054A526810786B46022294
:104DE000FEF786F838B103E08C93000870000020CD
:104DF0004FF0FF30B5E701218A4880F82510A0F870
:104E000026900020ADE70146864890F824000870FF
:104E10000020704702464FF0FF30704701464FF0C8
:104E2000FF307047F8B505460F461446002C70D089
:104E3000B5F5FF5F01DDFF2605E0202D01DA012633
:104E400001E0C5F3471607B90127282C02DD4FF012
:104E5000FF30F8BD7348407D28BB724890F82400AD
:104E600038B10020FFF726FE01216E4880F820109F
:104E700003E000216B4880F820106A481630FFF7E5
:104E800054F868481830FFF770F866481A30FFF792
:104E900090F864481C30FFF7B1F86248817A817756
:104EA0001F30FFF705F90020FEF776F90020FEF726
:104EB0008BFC00208DF800005A4A12689178594AFC
:104EC000526810786B460122FEF712F810B14FF0CD
:104ED000FF30BEE740208DF80000524A1268D17BB7
:104EE000504A526810786B460122FEF701F800B173
:104EF00065E08DF800608DF801704A4A1268117AF9
:104F0000484A526810786B460222FDF7F1FF08B15B
:104F100055E047E00520FDF7C4F84248407A0721F4
:104F200001EBC000C0B28DF800003E4A1268D17992
:104F30003C4A526810786B460122FDF7D9FF00B158
:104F40003DE020208DF80000012C03D100208DF8D9
:104F500001000EE0052C03DC01208DF8010008E0C3
:104F6000142C03DC02208DF8010002E003208DF8F0
:104F700001009DF80100072101EB8010C0B28DF8FF
:104F80000100284A1268917C264A526810786B46C4
:104F90000222FDF7ADFF00B111E00121214841756A
:104FA000002056E71F4A1632002103E0505C00B192
:104FB00005E0491C0C29F9D34FF0FF3049E7FF20E9
:104FC00018490872FF2117484172C1724FF6FF71EC
:104FD000C181FF2181720174012101730146887F23
:104FE000FEF797F90F49C88AFEF7E9FC0D49087EDC
:104FF000FEF7A3FC0B49488BFEF7A7FB0949888BFA
:10500000FEF74FFC0749C87FFEF76AFB054890F89A
:10501000200010B10120FFF74DFD0021014841752E
:10502000002016E77000002010B5C8234FF48062FE
:10503000F74940F6F630FFF787FE10BD10B586B091
:105040000446F4A000680390F3A000680290F3A067
:1050500000680190F2A00068009004F0030003A92A
:10506000085C8DF8140003A8C4F3C101405C8DF8FE
:10507000150003A8C4F38111405C8DF8160004F0FC
:10508000030002A9085C8DF8100002A8C4F3C10156
:10509000405C8DF8110002A8C4F38111405C8DF8CA
:1050A000120005AA032140F22640FFF7D3FD18B1F4
:1050B0004FF0FF3006B010BD04AA032140F22A4091
:1050C000FFF7C8FD10B14FF0FF30F3E701980590EE
:1050D0000098049004F0040058B19DF8140040F0CA
:1050E00001008DF814009DF8100040F001008DF8CB
:1050F000100004F0200058B19DF8150040F00100A8
:105100008DF815009DF8110040F001008DF8110098
:1051100004F4807058B19DF8160040F001008DF83D
:1051200016009DF8120040F001008DF8120005AA4B
:1051300003214FF48860FFF78DFD10B14FF0FF3071
:10514000B8E704AA032140F23140FFF783FD10B114
:105150004FF0FF30AEE7B34804810020AAE71FB547
:105160000446B048007A00F0030054F82000019093
:10517000AC48007A00F0040010B101984042019060
:10518000A848007AC0F3C10054F820000290A54856
:10519000007A00F0200010B1029840420290A1482D
:1051A000007AC0F3811054F8200003909D480089D4
:1051B00000F4807010B10398404203909A4901981E
:1051C00080FB0101800F40EA81000190964902981E
:1051D00080FB0110820042EA91700290924903988C
:1051E00080FB0110820042EA917003900198000E4A
:1051F0008DF800000198000C8DF801000198000A5C
:105200008DF802000198C0B28DF803006A460421AF
:105210004FF47470FFF71EFD18B14FF0FF3004B06B
:1052200010BD0298000E8DF800000298000C8DF859
:1052300001000298000A8DF802000298C0B28DF8B1
:1052400003006A4604214FF47570FFF703FD10B1A7
:105250004FF0FF30E3E70398000E8DF8000003984D
:10526000000C8DF801000398000A8DF802000398E5
:10527000C0B28DF803006A4604214FF47670FFF740
:10528000E9FCCCE770B588B0064601A8FEF7E9FE58
:10529000BDF804000021C90341EA5045C403614838
:1052A000007A00F0030056F8200005905D48007A6F
:1052B00000F0040010B10598404205905948007A6A
:1052C000C0F3C10056F8200006905648007A00F05E
:1052D000200010B10698404206905248007AC0F370
:1052E000811056F8200007904E48008900F4807025
:1052F00010B10798404207900598C117A0FB0423FE
:1053000001FB043100FB0510810041EA9270059019
:105310000698C117A0FB042301FB043100FB051014
:10532000810041EA927006900798C117A0FB042300
:1053300001FB043100FB0510810041EA92700790E7
:105340000598000E8DF808000598000C8DF80900EE
:105350000598000A8DF80A000598C0B28DF80B0078
:105360000698000E8DF80C000698000C8DF80D00C4
:105370000698000A8DF80E000698C0B28DF80F004E
:105380000798000E8DF810000798000C8DF811009A
:105390000798000A8DF812000798C0B28DF8130024
:1053A00002AA0C214FF42570FFF754FC08B070BD21
:1053B00030B585B004461DA207CA02AB07C3C82C8E
:1053C00003DD4FF0FF3005B030BDC82090FBF4F096
:1053D000401E85B2280A8DF80000E8B28DF8010061
:1053E0006A46022140F21620FFF734FC10B14FF05C
:1053F000FF30E8E702AA0C2140F6C120FFF72AFCA3
:1054000010B14FF0FF30DEE7064884810020DAE774
:10541000B49300084CCD6C000CC92C0036567600B5
:1054200026466600D014002009E3CA02FEF2ABC48F
:10543000AAF1DFDFBBAFDFDF0146FC4880890880CF
:10544000002070472DE9FC4706460F4606F007008E
:1054500010B1B7F5C86F03DD4FF0FF30BDE8FC8732
:10546000384603F049FD8146F14903F0FBFB8046D5
:105470006846FEF77AFD9DF80000022806D0042851
:1054800016D0082826D0102848D135E04FF08D419D
:10549000404603F079FD814603F0F6FC84B2E5490D
:1054A000404603F071FD814603F0EEFC85B238E022
:1054B0004FF08C41404603F067FD814603F0E4FC69
:1054C00084B2DD49404603F05FFD814603F0DCFC19
:1054D00085B226E04FF08B41404603F055FD8146F2
:1054E00003F0D2FC84B2D549404603F04DFD81461D
:1054F00003F0CAFC85B214E04FF08A41404603F045
:1055000043FD814603F0C0FC84B2CD49404603F020
:105510003BFD814603F0B8FC85B202E04FF0FF305E
:105520009CE700BF20128DF80400E0B28DF8050062
:1055300028128DF80600E8B28DF8070006F0010089
:10554000A0B101AA02214FF4EA70FFF783FB10B16A
:105550004FF0FF3082E70DF1060202214FF4927006
:10556000FFF778FB10B14FF0FF3077E706F002004D
:10557000A0B101AA02214FF4EC70FFF76BFB10B150
:105580004FF0FF306AE70DF1060202214FF49470EC
:10559000FFF760FB10B14FF0FF305FE706F004004B
:1055A000A0B101AA02214FF4EE70FFF753FB10B136
:1055B0004FF0FF3052E70DF1060202214FF49670D2
:1055C000FFF748FB10B14FF0FF3047E7002045E7F9
:1055D00038B504460020009004F0010020B19DF889
:1055E000000040F03000009004F0020020B19DF86F
:1055F000000040F00C00009004F0040020B19DF881
:10560000000040F0030000906A4601214FF4A470AE
:10561000FFF720FB38BD38B50446012C01DA012420
:1056200002E0042C00DD0424601EC0B200906A4633
:10563000012140F24F10FFF70DFB38BD38B504468D
:10564000052094FBF0F085B228128DF80000E8B236
:105650008DF801006A4602214FF4EF70FFF7FAFA65
:1056600038BD38B50446052094FBF0F085B2281209
:105670008DF80000E8B28DF801006A4602214FF46F
:10568000ED70FFF7E7FA38BDF8B505460E464FF462
:105690007A7095FBF0F000FB06F4200E8DF8000008
:1056A000200C8DF80100200A8DF80200E0B28DF880
:1056B00003006A4604214FF4AE70FFF7CBFAF8BD41
:1056C00038B50446052094FBF0F084B220128DF822
:1056D0000000E0B28DF801006A4602214FF4AD707F
:1056E000FFF7B8FA38BD38B50446052094FBF0F052
:1056F00084B220128DF80000E0B28DF801006A46F5
:1057000002214FF4AC70FFF7A5FA38BD38B5044656
:1057100014B94FF0FF3038BD6A4604214FF4587079
:10572000FFF7D5FA10B14FF0FF30F4E79DF8000015
:1057300000069DF8011040EA01409DF8021040EA81
:1057400001209DF80310084320600020E3E738B5EE
:105750000446200E8DF80000200C8DF80100200A70
:105760008DF80200E0B28DF803006A4604214FF480
:105770005870FFF76FFA38BD38B5044614B94FF0CA
:10578000FF3038BD6A4604214FF47170FFF79FFA6D
:1057900010B14FF0FF30F4E79DF8000000069DF8CF
:1057A000011040EA01409DF8021040EA01209DF8F6
:1057B0000310084300EB8000800020600020E0E739
:1057C00038B504461420B4FBF0F4200E8DF8000028
:1057D000200C8DF80100200A8DF80200E0B28DF84F
:1057E00003006A4604214FF47170FFF733FA38BDA5
:1057F00038B5044664B120208DF8000028208DF8CB
:10580000010030208DF8020038208DF8030004E0FC
:10581000A3220421684601F000F86A46042140F6FC
:105820009E20FFF717FAFDF77DFE38BDD01400204B
:1058300000004843000040460000C04500004045CD
:105840000000C04438B5044664B1C0208DF80000A3
:10585000C2208DF80100C4208DF80200C6208DF80A
:10586000030004E08B220421684600F0D6FF6A465C
:10587000042140F69820FFF7EDF9FDF753FE38BDFF
:105880003EB504466CB1FDA1D1E900208968CDE99F
:10589000002002916A4609214FF49760FFF7DAF978
:1058A0003EBDF9A2D2E900109268CDE90102009153
:1058B0006A4609214FF49760FFF7CCF9F0E73EB54F
:1058C000044602208DF80000CA208DF80100E32074
:1058D0008DF8020009208DF803006A460421682033
:1058E000FFF7B8F9A3208DF8000004F0400048B19C
:1058F000C0208DF80100C8208DF80200C2208DF86C
:10590000030006E0A3208DF801008DF802008DF859
:10591000030004F4C07048B1C4208DF80400CC200A
:105920008DF80500C6208DF8060006E0A3208DF84E
:1059300004008DF805008DF80600A3208DF80700FF
:105940008DF808008DF809006A460A2140F6A72064
:10595000FFF780F904F0030018B120208DF8000053
:1059600002E0D8208DF800006A46012140F6B620FA
:10597000FFF770F904F0200018B10120FFF780FF55
:1059800002E00020FFF77CFF04F4C07008B304F4C9
:10599000807060B1B2208DF800008B208DF801007E
:1059A000B6208DF802009B208DF803000BE0B0209C
:1059B0008DF8000080208DF80100B4208DF80200E1
:1059C00090208DF803006A46042140F6A220FFF7DC
:1059D00041F904F0010020B3F8208DF800006A4678
:1059E00001214FF40B60FFF735F9FA210720FFF78B
:1059F00029FD0720FFF7ECFD0120FFF70CFE6420D6
:105A0000FFF71CFE4FF4FA70FFF72BFEC821A148E8
:105A1000FFF73AFE2820FFF753FE0A20FFF763FE48
:105A200008E0D8208DF800006A4601214FF40B6091
:105A3000FFF710F904F0020018B1D9208DF800002A
:105A400002E0D8208DF800006A46012140F23D7046
:105A5000FFF700F904F0040018B10120FFF7F2FE8F
:105A600002E00020FFF7EEFE04F0100018B1012064
:105A7000FFF7BEFE02E00020FFF7BAFE44F0080088
:105A800085494881FDF74EFD00208349887304F065
:105A9000400018B10846807B801D887304F4C070F4
:105AA00020B17D48807B801D7B49887304F0140001
:105AB00020B17948807B10307749887304F0030067
:105AC00020B17548807B001D7349887300203EBD5E
:105AD0000146714840890880002070472DE9F04157
:105AE0000446E07800F0C006E07800F03F056078FA
:105AF00000F0010098B1EF102846E91705EB51714D
:105B0000C910A5EBC101491C01F0FF0862480068FB
:105B100020B16148414602683846904700BF60782E
:105B200000F0080030B15C48406818B1B0115A4A22
:105B3000516888470020BDE8F08110B586B0044662
:105B400056A207CA03AB07C357A207CA8DE80700CE
:105B5000012C09D0022C0ED103AA0B2140F6822081
:105B6000FFF778F806B010BD6A460B2140F6822098
:105B7000FFF770F8F6E74FF0FF30F3E72DE9F04F4D
:105B80008DB00746884615469946DDE9166B002418
:105B9000002030804049887B5A4605A9FEF7BDFBAE
:105BA00018B1601E0DB0BDE8F08F3B48807A00F060
:105BB0001400002861D09DF8140000069DF815100F
:105BC00040EA01409DF8161040EA01209DF81710A8
:105BD000084328609DF8180000069DF8191040EA57
:105BE00001409DF81A1040EA01209DF81B1008435F
:105BF00068609DF81C0000069DF81D1040EA0140F9
:105C00009DF81E1040EA01209DF81F100843A8606F
:105C10009DF8200000069DF8211040EA01409DF803
:105C2000221040EA01209DF823100843E86004F1A7
:105C30001000C4B228680014019068680014029033
:105C4000A86800140390E868001404900198404389
:105C5000029901FB0100039901FB0100049901FB7A
:105C6000010ABAF1706F02DBBAF1885F22DDFDF73D
:105C700059FC00203080401E94E721E0B8AAB38D83
:105C8000B4980D355D000000B8AAAAAAB088C3C5B3
:105C9000C700000009E3CA02D0140020D8B1B9F34C
:105CA0008BA391B609B4D900DAB1B9F38BA391B63D
:105CB000DAB4DA00B6F9000040F48070308000BF3A
:105CC0003448807A00F0400020B305A9601C085CCD
:105CD000095D40EA012000B2A8F8000005A9E01C17
:105CE000095C05AAA01C105C41EA002000B2A8F8DB
:105CF000020005A9601D095C201D105C41EA00201E
:105D000000B2A8F80400A01DC4B2B6F9000040F02B
:105D1000080030801F48408900F4C07008B305A90E
:105D2000601C085C095D40EA012000B2388005A9CA
:105D3000E01C095C05AAA01C105C41EA002000B22E
:105D4000788005A9601D095C201D105C41EA0020D7
:105D500000B2B880A01DC4B2B6F9000040F07000D7
:105D600030800C48807A00F0030018B105A90819AA
:105D7000FFF7B4FE4846FDF734FF002012E7014666
:105D8000044801600020704701460248416000203D
:105D900070470000D014002010B52021F948FAF710
:105DA000BEFD8021F748FAF7BCFD8021F548FAF7DF
:105DB000B6FD10BD10B52021F248FAF7B0FD202144
:105DC000F048FAF7AEFD10BD70B5044600251BE0A3
:105DD0002021EC48FAF7A5FD04F0800020B18021D5
:105DE000E848FAF79CFD03E08021E648FAF799FDC0
:105DF0002021E448FAF793FD2021E248FAF791FDCB
:105E00006006040E681CC5B2082DE1DB70BD10B53C
:105E10008021DC48FAF783FD2021DA48FAF77FFD7C
:105E20008021D848FAF77DFD2021D648FAF779FD80
:105E300010BD70B505460C46FFF7E9FF7820FFF767
:105E4000C3FFFFF7B7FF1CB14020FFF7BDFF02E023
:105E50000020FFF7B9FFFFF7ADFF2846FFF7B4FFBB
:105E6000FFF7A8FFFFF798FF70BD10B504461CB9F7
:105E70000021A620FFF7DDFF012C03D10021A72080
:105E8000FFF7D7FF10BD10B504463CB90021C8206C
:105E9000FFF7CFFF0021A120FFF7CBFF012C07D197
:105EA0000021C020FFF7C5FF0021A020FFF7C1FFA0
:105EB00010BD10B500218D20FFF7BBFF002114207D
:105EC000FFF7B7FF0021AF20FFF7B3FF10BD10B5FC
:105ED00000218D20FFF7ADFF00211020FFF7A9FF63
:105EE0000021AF20FFF7A5FF10BD70B500241CE016
:105EF00004F1B001C8B20021FFF79BFF0021084662
:105F0000FFF797FF00211020FFF793FF002508E01F
:105F10009D4901EBC501085D0121FFF78AFF681C5F
:105F2000C5B2802DF4DB601CC4B2082CE0DB70BD70
:105F300070B500240CE0002506E00020924901EB3A
:105F4000C5010855681CC5B2802DF6DB601CC4B2C3
:105F5000082CF0DBFFF7C9FF70BD70B50A46CE17FD
:105F600001EB5676C6F3C703CE1701EB5676F61053
:105F7000A1EBC606F4B20122A240D5B2824A02EBDE
:105F8000C002D25C2A43804E06EBC006F25470BDBC
:105F900070B50B46CE1701EB5676C6F3C702CE1787
:105FA00001EB5676F610A1EBC606F4B20123A3402E
:105FB000DDB2754B03EBC0039B5CDB43724E06EB1B
:105FC000C006B354704B03EBC0039B5C2B436E4E77
:105FD00006EBC006B3546C4B03EBC0039B5CDB4386
:105FE000694E06EBC006B35470BD00BF70472DE983
:105FF000F04306460F469046002544463BE03A1BD8
:10600000D1B27219D0B2FFF7A8FF3A1BD1B2721BFE
:10601000D0B2FFF7A2FF3A19D1B2721BD0B2FFF78C
:106020009CFF3A19D1B27219D0B2FFF796FF7A19D4
:10603000D1B23219D0B2FFF790FF7A1BD1B2321928
:10604000D0B2FFF78AFF7A1BD1B2321BD0B2FFF772
:1060500084FF7A19D1B2321BD0B2FFF77EFF6D1CDC
:1060600005FB05F004FB040008FB1809B9F1000F5B
:1060700001DD641E6D1E6000604308FB08F188426C
:10608000BDDABDE8F0832DE9FF4F81B080460E46B2
:106090001C4600962046E31704EB5373DB102146A1
:1060A0004FEAE47C04EB5C7C4FEAEC0CA4EBCC0CF8
:1060B000BCF1000F02D04FF0010C01E04FF0000CDA
:1060C0006344224604EBD27C4FEA6C0C03FB0CF3D6
:1060D00003F0FF0B03982038C7B2002547E00C2CD3
:1060E00007D107EB4700294901EB800010F805A014
:1060F00014E0102C05D1264800EB071010F805A07D
:106100000CE0182C07D107EBC700224901EB8000F7
:1061100010F805A002E005B0BDE8F08F4FF00009CF
:106120001FE00AF0800020B131464046FFF715FF1E
:1061300003E031464046FFF72BFF4FEA4A604FEA43
:10614000106A701CC6B20098301AA04205D1009E99
:1061500008F1010000F0FF0806E009F1010000F07D
:10616000FF09B9F1080FDCDB00BF681CC5B25D4553
:10617000B5DB00BFCFE7F0B506460F4614461D4617
:106180001EE0000000080140E0140020AA9F000863
:106190001EA400080EAA000822782B463946304675
:1061A000FFF771FF284605EBD07106EB6101CEB217
:1061B000C5F18000B04202DA0026B81CC7B2641CE8
:1061C0002078202802DB20787E28E5DDF0BD10B5A0
:1061D0000246012000E050430B1EA1F10104E1B290
:1061E000F9D110BD2DE9F04F06468A4691461F466B
:1061F000099C00252CE0781B401EC1B20A20FFF745
:10620000E6FFB9FBF0F00A21B0FBF1F201FB120846
:10621000B8F1000F0CD1A34604EBDB71491001FB70
:106220000561C8B2234630225146FFF72CFF0DE02E
:10623000A34604EBDB71491001FB0561C8B208F10C
:106240003001CAB223465146FFF71DFF681CC5B294
:10625000BD42D0DBBDE8F08F2DE9FF4F07468846F1
:1062600091461C464FF0000B0297CDF80480204663
:10627000E11704EB5171C1F3C701009160E009FB24
:1062800004F0C11700EB51710BEBE101CEB20BF141
:10629000010000F0FF0B002550E0102C05D1BE4896
:1062A00000EB0610405D03901BE0182C07D106EBB5
:1062B000C600BA4901EBC000405D039011E0202CFC
:1062C00005D1B74800EBC610405D039009E0402CB3
:1062D00005D1B44800EB4620405D039001E0BDE8E5
:1062E000FF8F4FF0000A17E0039800F0010020B183
:1062F00041463846FFF731FE03E041463846FFF796
:1063000047FE03984010039008F1010000F0FF08D9
:106310000AF1010000F0FF0ABAF1080FE4DB781C73
:10632000C7B20298381AA04204D1029F01980830DF
:10633000C0B20190DDF80480681CC5B2A542ACDB98
:106340000098411EC9B20091002898D100BFC6E74D
:10635000804689460026002749E03FB9102332468F
:1063600018218020FFF778FF701CC6B2464522D165
:106370004FF0000A1AE0002410E000250AE08A48E5
:1063800000EBC400415D601E874A02EBC00041552E
:10639000681CC5B2082DF2DB601CC4B2902CECDB8B
:1063A000FFF7A3FD0AF1010000F0FF0A4FEA091010
:1063B0005045E0DC0026781CC7B2102F00D1002722
:1063C000002410E000250AE0774800EBC400415D9E
:1063D000601E754A02EBC0004155681CC5B2082D0D
:1063E000F2DB601CC4B2902CECDBFFF77EFDB4E75F
:1063F00070B504460D4605F1B001C8B20021FFF7A3
:1064000018FD102141EA14100021FFF712FD04F0DD
:106410000F0141F001000021FFF70BFD70BD2DE9D8
:10642000F05F05460E4617469846DDF828B04FF057
:106430000009CA460024E11704EB5171C910A4EB0E
:10644000C10101B901E0601CC4B2344614E0214628
:106450002846FFF7CDFFAA460AE01BF809000121F4
:10646000FFF7E7FC09F101090AF1010000F0FF0A5A
:10647000BA45F2DB601CC4B24445E8DBBDE8F09FDE
:1064800008B501210420FAF759FCA020ADF800005E
:1064900010208DF8030003208DF802006946434860
:1064A000FAF790F9A0214148FAF739FAC820FBF72A
:1064B000F8FD0021AE20FFF7BCFC00210846FFF7E5
:1064C000B8FC00211020FFF7B4FC00214020FFF7AA
:1064D000B0FC00218120FFF7ACFC0021CF20FFF7AA
:1064E000A8FC0021A120FFF7A4FC0021C820FFF791
:1064F000A0FC0021A620FFF79CFC0021A820FFF7AC
:1065000098FC00213F20FFF794FC0021D320FFF7E7
:1065100090FC00210846FFF78CFC0021D520FFF7F6
:1065200088FC00218020FFF784FC0021D920FFF7A0
:1065300080FC0021F120FFF77CFC0021DA20FFF72E
:1065400078FC00211220FFF774FC0021DB20FFF70C
:1065500070FC00214020FFF76CFC00212020FFF799
:1065600068FC00210220FFF764FC00218D20FFF76A
:1065700060FC00211420FFF75CFC0021A420FFF741
:1065800058FC0021A620FFF754FC0021AF20FFF7A4
:1065900050FCFFF7CDFC08BD6AB700089C00002046
:1065A0007401002074030020E01400200008014062
:1065B000704710B54C1084EA530404D54042C1F131
:1065C000000138BF491E1B4204D55242C3F10003EB
:1065D00038BF5B1E00F02DF914F0804F04D040420C
:1065E000C1F1000138BF491E14F0004F04D05242DF
:1065F000C3F1000338BF5B1E10BD00000FB4044997
:1066000010B503AA029800F01DFC10BC5DF814FB45
:10661000380000200FB41CB5074B06AA7B4469461E
:106620000090059800F0F5FB0020694600F004FC9E
:106630001CBC5DF814FB0000190800002DE9F041B6
:106640000646002410687529314616A510D0AFF310
:106650000080002802DA404213A507E031688A076B
:1066600001D512A502E0490704D511A5012401E0D6
:10667000AFF3008000210A2206F1240709E0B0FBF5
:10668000F2FCB0FBF2F302FB1C00303078541846E9
:10669000491C0028F3D123462A463046BDE8F04184
:1066A00000F049B9000000002D0000002B000000A0
:1066B000200000002DE9F0474FF0000A894604460B
:1066C000C0F820A02046E1688847002876D0252819
:1066D00006D0D4E901219047206A401C2062F1E7EE
:1066E000E168204600258847C4F81CA0064600271C
:1066F000C4F818A02A2E09D0304601F0B9F938B3F1
:1067000004EB8708303EC8F8186019E059F8041BFC
:10671000204604EB87029161E1688847012F064615
:1067200018D1E069002820DA25F020051DE0D8F80E
:10673000180000EB800006EB40003038C8F8180065
:106740002046E1688847064601F092F90028EED11C
:10675000012F0AD02E2E08D12046E16888477F1CE1
:106760000646022F45F02005C4DBA069002803DAA5
:10677000404245F00105A061E80701D025F0100571
:10678000B6B1A6F14100192802D8203645F40065BB
:106790004A463146204625604D46F9F701FD58B17D
:1067A000012806D0ED1D25F0070000F1080989E752
:1067B00004E005F1040985E730468AE7206ABDE870
:1067C000F08740EA010310B59B070FD1042A0DD3CF
:1067D00010C808C9121F9C42F8D020BA19BA8842C2
:1067E00001D9012010BD4FF0FF3010BD1AB1D30701
:1067F00003D0521C07E0002010BD10F8013B11F837
:10680000014B1B1B07D110F8013B11F8014B1B1B5F
:1068100001D1921EF1D1184610BD02F0FF0343EAE8
:10682000032242EA024200F021BB704770477047E2
:10683000704753EA020C00F069802DE9F04B4FF0ED
:106840000006002B1FBFB3FA83F503FA05F424FA00
:1068500005F65E4012BF1643B2FA82F502FA05F45D
:10686000C5F120051EBF22FA05FC44EA0C042035C0
:1068700056EA044C4FEA144418BF641C4FF0000859
:106880004FF00009904271EB030C39D3002919BF76
:10689000B1FA81F701FA07F6B0FA80F700FA07F6C5
:1068A000C7F120071EBF20FA07FC46EA0C06203776
:1068B000B6FBF4FCA7EB0507103F07F01F0BCBF16D
:1068C00020060CFA0BFB2CFA06F644BFB346002652
:1068D000202FA4BF5E464FF0000B5BEA060C08BFFA
:1068E0004FF0010B19EB0B09ABFB027C48EB0608E0
:1068F000C01B06FB02CC0BFB03CC71EB0C01C1E708
:106900000B46024641464846BDE8F08B13B54FF0B2
:1069100000004FF00001AFF30080BDE81C4070475D
:1069200010B500F0C7FA006810BD10B5044600F0BD
:10693000C1FA046010BD2DE9F0470D469946924614
:10694000044600F124080168880604D5E06921F0B6
:106950001001216000E00120A84201DD471B00E09A
:106960000027A1697A1902EB0900081AA0612078B2
:10697000C00602D42046AFF30080002608E0D4E928
:1069800001211AF806009047206A401C761C2062FC
:106990004E45F4DB2078C0060AD52046AFF30080D0
:1069A00006E0D4E9012130209047206A401C206293
:1069B000381EA7F10107F4DC07E0D4E9012118F83B
:1069C00005009047206A401C2062281EA5F10105A1
:1069D000F3DC2046AFF300802078000602D50220C9
:1069E000BDE8F0870120FBE770472DE9FF4F0C461B
:1069F0001E464FF0FF378BB0D2E90001DDF8608012
:106A00000A908A46C1F30A5505B93D460021084659
:106A10004FF00000BAF1000F00F4400005DA00EB7F
:106A200080004FF4400101EA50004FEA9059B9F15B
:106A3000010F00DDB9460A9850EA4A000ED044F62C
:106A40001050A5F2FF3545432F14B8F1000F1ED0AA
:106A50007542291E1EDDC9F100021CE0B8F1010FCC
:106A60004FF0000001D0302103E0F24305E0215453
:106A7000401CB042FBDB30460022002121540B9920
:106A8000C1F80880C1E900200FB0BDE8F08FBD1B40
:106A90006D1CDEE74A4600DA694206A800F094FA67
:106AA00006AB93E8070003AB83E8070050460A995A
:106AB00000F09AFB8DE80700A0F500501F38009009
:106AC0000398002D0ADD42F21F014A4608440023C4
:106AD00003A90390684600F003FE09E0A0F500500A
:106AE0004A461F38002303A90390684600F00DFEB4
:106AF0008DE807000004000C03D04FF0FF30410880
:106B000000E01046B8F1000F03D0002200921546B5
:106B10001EE0751E05D400F0D1F9303262556D1EAD
:106B2000F9D5B3460122084302D000227F1C04E0BD
:106B30002078302801D100227F1E002A099784D0B6
:106B40001DE0112D07DA00F0B9F9303262556D1CE5
:106B500050EA0102F5D1084302D00098C8B10EE016
:106B60000021681E05E0235C625C63542254401ED1
:106B7000491C8142F7DBAB46A81B401E0990002050
:106B800004F80B000B98099AC0F80880C0E9002BA4
:106B90007AE711264FF0000857E72DE9F04F8846B5
:106BA0000446D21D22F0070191B0D1E90001CDE9E0
:106BB0000A0100F0E1FE02460B98C00F01D02D2023
:106BC00007E02068810701D52B2002E0202101EA9F
:106BD000C000032A099001D0072A05DB034641467D
:106BE000204600F0B1F90BE12078800601D5E0697C
:106BF00000E00620B8F1650F814606D0B8F1660FB7
:106C000018D0B8F1670F70D131E00020B9F1110F41
:106C1000009001DB112301E009F101030AAA01A997
:106C20000CA8FFF7E2FEDDE90C70002609F1010572
:106C3000834647E001204B4600904FF000470AAAE8
:106C400001A90CA8FFF7D1FEDDE90DB00C995D4656
:106C5000002610B909F101000D18B9EB050003D4A5
:106C6000C0F1FF3609F10105A5EB09002BE0B9F1F0
:106C7000010F01DA4FF001090020B9F1110F009066
:106C8000484601DD112300E003460AAA01A90CA829
:106C9000FFF7ABFEDDE90C704D46002683462078F9
:106CA00000070AD4AB4500DA5D4601A8012D04DDDA
:106CB000411911F8011C302907D04F4502DA17F1AC
:106CC000040F04DA012082460FE06D1EEEE7002F6C
:106CD00002DCED1B3E4403E0781CA84200DD7D1C75
:106CE000B81B00F1010A4FF000472078000703D4D9
:106CF000AA4501DB4FF0FF3A0021B7F1004F0DF13B
:106D000043088DF8431024D002202B23002F01DAF2
:106D10007F422D230A21021EA0F1010000DC5FB199
:106D200097FBF1FC97FBF1F201FB1C7C17460CF181
:106D3000300C08F801CDEEE7A8F1010003702188BE
:106D4000090501D5452100E06521A0F1010800F801
:106D5000011C09980FA9A1EB0807FF1D00B1012034
:106D6000411901EBEA70A1693844081A401EA0617C
:106D70002078C00602D42046AFF30080099828B1DD
:106D8000D4E901219047206A401C20622078C00687
:106D900022D52046AFF300801EE0002E04DBB34571
:106DA00002DD01A8805D00E03020D4E90121904798
:106DB000206A401C2062761CAAF101005FEA000AEA
:106DC0000AD100F073F8C0680168405CD4E9012181
:106DD0009047206A401C2062281EA5F10105DCDCDA
:106DE00007E0D4E9012118F8010B9047206A401C04
:106DF0002062381EA7F10107F3DC2046AFF30080C4
:106E0000032011B041E6000001694A1C02610878C4
:106E1000704700B58FB0CDE90131002105910549DA
:106E20007944CDE9031011466846FFF743FC0FB0E3
:106E300000BD0000E5FFFFFF0A6802F8010B0A60D1
:106E400070470000074B70B50D467B44FFF7E1FF2C
:106E50000446284600F02AF910B14FF0FF3070BD0B
:106E6000204670BDB5B2FFFF4FF000020429C0F00C
:106E7000128010F0030C00F01F81CCF1040CBCF167
:106E8000020F18BF00F8012BA8BF20F8022BA1EBBE
:106E90000C0100F011B95FEAC17C24BF00F8012B9E
:106EA00000F8012B48BF00F8012B704700487047DD
:106EB00080190020004870476019002030B5B0F1FB
:106EC0000A024FEA900E71F100034EEA817EB0EBA8
:106ED0000E0061EB91014FEA101E4EEA017E10EBAD
:106EE0000E0041EB11114FEA102E4EEA016E10EB2D
:106EF0000E0041EB11214FEA104E4EEA014E10EB0D
:106F00000E0041EB1141401841F100014FEAD00061
:106F100040EA41704FEAD10110EB80054FEA81044D
:106F200044EA907444EB01046D1944EB0404521BD1
:106F3000A3414FF0000348BF0A3200D530BD401CCA
:106F400041F1000130BD00002DE9F0411F4604462B
:106F500003260168072A01F4006004DB08B116A5C6
:106F600005E016A503E008B115A500E015A521F080
:106F700010002060A069C01EA0610FB1401EA0617A
:106F80002046AFF300804FB1D4E901213846904745
:106F9000206A401C2062C01C206206E0206AFAE7DA
:106FA000D4E9012115F8010B9047761EF8D220464E
:106FB000AFF30080BDE8F0814E414E006E616E007F
:106FC000494E4600696E66002DE9F0478146164637
:106FD0008AB0354878440DC88DE80D0032487844B1
:106FE000801C03AC0DC884E80D0041F69B300844BA
:106FF000372190FBF1F290FBF1F5A5F1800501FB43
:1070000012041B3C02D56442012000E00020DFF89E
:1070100098A080460027FA44AAF1BE0A0EE0E007D5
:107020000AD03246684607EB470101230AEB81018B
:1070300000F06BFB8DE8070064107F1C002CEED184
:10704000194F7F44AE3F19E0E80715D007EB041055
:107050000DF1180A90E80E008AE80E00C068F042B0
:1070600001D1981908903246012306A903A800F01F
:107070004CFB03AB83E807006D10641C002DE3D1CB
:107080004FF0010332466946B8F1000F03A802D061
:1070900000F026FB01E000F038FBC9E90001C9F867
:1070A00008200AB0BDE8F087244B0000007B00F008
:1070B000800070474FF0000200B513469446964694
:1070C000203922BFA0E80C50A0E80C50B1F12001FB
:1070D000BFF4F7AF090728BFA0E80C5048BF0CC0A9
:1070E0005DF804EB890028BF40F8042B08BF704707
:1070F00048BF20F8022B11F0804F18BF00F8012B79
:107100007047000000487047601900207546FFF77F
:10711000F9FFAE4605006946534620F00700854654
:1071200018B020B5F9F7E0F9BDE820404FF00006AF
:107130004FF000074FF000084FF0000B21F007015F
:10714000AC46ACE8C009ACE8C009ACE8C009ACE8A2
:10715000C0098D46704710B50446AFF30080204645
:10716000BDE81040F9F739B84FF0013C50F8042B56
:1071700051F8043B9A4221D1A2EB0C03934313EA4A
:10718000CC1317D150F8042B51F8043B9A4215D177
:10719000A2EB0C03934313EACC130BD150F8042B4E
:1071A00051F8043B9A4209D1A2EB0C03934313EA32
:1071B000CC13DBD04FF00000704700BFD01A01BAEB
:1071C000B1FA81F101F0180122FA01F0CB40C1F1CE
:1071D0002001DBB2C0B2C01A2CFA01F3D11A9143DC
:1071E00011EAC311E6D170475FEA400C08BF91F085
:1071F000000F4FEA8C234FEAC12243EA51514FEA74
:107200001C5018BF00F5F0404FEA300018BF41F0A5
:1072100000415FEA6C5C00F02980BCF1FF3F08BFD1
:1072200040F080407047130C06BF12044FF0100C62
:107230004FF0000C130E04BF12020CF1080C130FD8
:1072400004BF12010CF1040C930F04BF92000CF167
:10725000020CD30F04BF52000CF1010C11464FF089
:107260000002A0F11F00A0EB0C00704711F0004FCE
:1072700008BF704731F000413FF4D5AF0B0C06BF9B
:1072800009044FF0100C4FF0000C0B0E04BF090264
:107290000CF1080C0B0F04BF09010CF1040C8B0F4F
:1072A00004BF89000CF1020CCB0F04BF49000CF1A4
:1072B000010CCCF12003A0EB0C0022FA03F302FA3C
:1072C0000CF241EA030100F10100704720F07F4C0D
:1072D00080EA030023F07F47ACEB070303F57C5300
:1072E00000F0004003F1FF032DE980494FEA154B00
:1072F00009B44FEA144325EA0B4E24EA03480FF27F
:10730000042606EB132749083E785FEA320203FBA6
:107310000667C7F5000707FB06F64FEA54374FEA42
:10732000D64606F1020607FB066CCCF1005C4FEA7C
:107330001C472CEA074C07FB06F40CFB06F504EB94
:1073400015464FEA961634BF00204FF000404FEA32
:10735000D13706FB07FC4FEA1C4C0CFB0BF7D21B8A
:1073600003FB0CF761EB07010CFB0EF7B0EB0740DA
:1073700072EB17420CFB08F734BFA2EB0742B2EBEB
:10738000074261EB17414FEA0C444FEA910706FBB5
:1073900007FC4FEA1C4C0CFB0BF7B0EBC74072EB41
:1073A000573203FB0CF734BFA2EBC742B2EBC74224
:1073B00061EB57310CFB0EF7B0EBC70072EB577265
:1073C0000CFB08F734BFA2EBC702B2EBC70261EBBC
:1073D0005771039F4FEA816141EA921104EBCC049B
:1073E0004FEAD1374FEA826206FB07FC42EA90126D
:1073F0004FEA80604FEA1C4C0CFB0BF7D21B03FBDF
:107400000CF761EB07010CFB0EF7B0EB074072EBDA
:1074100017420CFB08F734BFA2EB0742B2EB07425E
:1074200061EB17414FEA8C554FEA910704EB9C241E
:1074300006FB07FC4FEA1C4C0CFB0BF7B0EBC740FC
:1074400072EB573203FB0CF734BFA2EBC742B2EB2F
:10745000C74261EB57310CFB0EF7B0EBC70072EB84
:1074600057720CFB08F734BFA2EBC702B2EBC7029E
:1074700061EB577115EB4C254FEA816141EA92119E
:107480004FEA82624FEAD13742EA901206FB07FCCC
:1074900044F100044FEA80604FEA1C4C0CFB0BF7F0
:1074A000D21B03FB0CF761EB07010CFB0EF7B0EBF3
:1074B000074072EB17420CFB08F734BFA2EB074200
:1074C000B2EB074261EB174115EB1C154FEA813116
:1074D00041EA92414FEA823242EA90424FEA8030DA
:1074E0004FEA0C7644F1000448EA03434EEA0B48A5
:1074F0004FF0000EB2EB080C71EB030724BF62469D
:1075000039464EEB0E0E4FF0000B00185241494128
:107510004BEB0B0BB2EB080C71EB03077BF1000B91
:1075200024BF624639464EEB0E0E4FF0000B00189A
:10753000524149414BEB0B0BB2EB080C71EB0307CB
:107540007BF1000B24BF624639464EEB0E0E51EA2A
:10755000020718BF46F0010616EB0E7655F1000241
:1075600054F1000103D5BDE88901BDE80088BDE8FC
:107570008901BDE80048B619524141EB0101A3F170
:107580000103704780807F7E7D7C7B7A7978777677
:1075900076757473727171706F6E6E6D6C6C6B6AF0
:1075A0006A6968686766666564646363626161608E
:1075B000605F5F5E5E5D5D5C5C5B5B5A5A5959580B
:1075C0005857575656555555545453535252525175
:1075D000515050504F4F4F4E4E4D4D4D4C4C4C4BCB
:1075E0004B4B4A4A4A494949484848474747474612
:1075F000464645454544444444434343434242424E
:1076000042414141002B9C4630D477002BD01CB521
:107610004FEA370703B44FF010004FF01001BAF1F2
:10762000000F06D0BCF1000FDCBF40F0080040F0B6
:1076300008014FF000000FBCBDE810400BF1010B3A
:10764000BBF1010F08BF5FEA170722BF12F1010269
:1076500011F101014FF0004143F1000300F000403F
:1076600043EA00007047F9D35708D0E746EA0646D8
:1076700013F1400F4FEA16461FDD13F1200FDFBF55
:1076800016430A46002120335B42BED0C3F12007D7
:1076900046EA064602FA07F74FEA164646EA0706A2
:1076A000C3F1200722FA03F201FA07F721FA03F1E6
:1076B0004FF0000342EA0702A7E746EA020646EA5D
:1076C00006464FEA164646EA0106BCBF46EA0646AB
:1076D000360C4FF000034FF000024FF0000194E72A
:1076E0002DE9804C9A46934670B491E8380007C85B
:1076F00031EA400C48BF34EA430C03D5FFF7E6FDFE
:10770000FFF780FFF0BCBDE8008C2DE9804C9A4665
:10771000934670B491E8380007C810F0804F08BF56
:1077200013F0804F03D100F005F8FFF76BFFF0BCBA
:10773000BDE8008C20F07F4780EA030023F07F4CF7
:1077400007EB0C03A3F57C5300F00040A3F1FE030C
:1077500092F0000F00F0B38095F0000F00F07780FA
:107760002DE901494FEA11404FEA144621EA004849
:1077700000FB06FC24EA064708FB06F607FB08F8B0
:1077800000FB07F718EB06484CEB164C4FEA124B80
:1077900018EB07484FEA15464CEB174022EA0B4E10
:1077A0000BFB06FC25EA06470EFB06F607FB0EFE62
:1077B0000BFB07F71EEB064E4CEB164C4FF000068A
:1077C0001EEB074E4CEB174B18EB0B0840F100007B
:1077D00018EB0E0B58EB000840F100008F1A4FF029
:1077E00000013CBFC943661B14BFB5EB040C00216C
:1077F0003CBFC943F61B4FEA17444EEA8E0E27EAF8
:1078000004454FEA1C4704FB07622CEA074C05FBC2
:1078100007F70CFB05F604FB0CFC16EB074642EBE6
:10782000174216EB0C4642EB1C421BEB060658EBCC
:107830000202414146EA9E0601D5BDE80189B6191A
:10784000524141EB0101A3F10103BDE801894FEA77
:1078500014454FEA114724EA054621EA074C05FB87
:1078600007F406FB07F70CFB06F105FB0CFC11EB1C
:10787000074144EB17444FEA124711EB0C4144EB2C
:107880001C4422EA074C05FB07F206FB07F70CFB3A
:1078900006F605FB0CFC16EB074642EB174216EB0F
:1078A0000C4642EB1C456A1854F1000148BF704772
:1078B000B619524141EB0101A3F10103704795F064
:1078C000000F37D04FEA11424FEA144721EA02462F
:1078D00024EA074C02FB07F106FB07F70CFB06F452
:1078E00002FB0CFC14EB074441EB17414FEA154730
:1078F00014EB0C4441EB1C4125EA074C02FB07F555
:1079000006FB07F70CFB06F602FB0CFC16EB074622
:1079100045EB174516EB0C4645EB1C42121951F18D
:10792000000148BF7047B619524141EB0101A3F174
:10793000010370474FEA14454FEA114724EA054610
:1079400021EA074C05FB07F106FB07F70CFB06F2E3
:107950004FF0000605FB0CFC12EB074241EB174110
:1079600012EB0C4251EB1C4148BF7047921841EB9F
:107970000101A3F101037047490050EAC12018BF7B
:1079800004204A0D18BF40F0010040F2FF72B2EB34
:10799000515F08BF40F00200012808BF0520704772
:1079A0002DE9F0414F1E00EBC7010446D1E900016B
:1079B00015461E4637F006020DD02A46334600F023
:1079C000DDFD7F1E04EBC703D3E9002300F0CEFBEF
:1079D00037F00602F1D1022F25D0042F13D0062F45
:1079E00018BFBDE8F0812A46334600F0C7FDD4E950
:1079F0000A2300F0BBFB2A46334600F0BFFDD4E962
:107A0000082300F0B3FB2A46334600F0B7FDD4E963
:107A1000062300F0ABFB2A46334600F0AFFDD4E965
:107A2000042300F0A3FB2A46334600F0A7FDD4E967
:107A3000022300F09BFB2A46334600F09FFDD4E969
:107A40000023BDE8F04100F091BB012201F043BCEE
:107A500000F08CBB002213461046114600F036BCE5
:107A6000024A0020110701F036BC000001FDFFFFB3
:107A700030380A2801D201207047002070470000EA
:107A80002DE9F04D8D4F21F0004A86B005460C4699
:107A9000BA452ADBAAEB070028430AD0884882456A
:107AA00001DC1AD1CDB106B02846BDE8F04DFFF794
:107AB000CCBF844A844B284600F060FD07460E4642
:107AC000824A834B2846214600F058FD06B03A46CC
:107AD0003346BDE8F04D00F049BB0120FEF725FF1D
:107AE00006B0BDE8F04DFFF7B5BF7A48824542DAEF
:107AF000BAF1795F0BDA2846FFF73EFF042808BF8A
:107B0000FFF7AEFF284606B02146BDE8F08D2A46B5
:107B10000B46104600F032FD834602466E480E4684
:107B20000B4606217844FFF73BFF5A46334600F0E8
:107B300025FD804669488A465A46334604217844E2
:107B4000FFF72EFF5A46334600F018FD00223B4651
:107B500000F00CFB02460B464046514600F0B6FBD7
:107B60002A46234600F00AFD06B02A462346BDE811
:107B7000F04D00F0FBBA284624F0004100223D46BB
:107B80003B4600F0F9FD4FF0FF3201F0A4FB064642
:107B9000024653480F460B4606217844FFF700FF84
:107BA00032463B4600F0EAFCCDE900014D48324642
:107BB0003B4604217844FFF7F3FE32463B4600F093
:107BC000DDFC00222B4600F0D1FA834602913046BC
:107BD000394600F05DFA804643480D46504517DCB3
:107BE000DDE900015A46029B00F070FB42462B463D
:107BF00000F0C4FC42462B4600F0B8FA012201F026
:107C00006AFB304A304B00F0A9FE304A304B4CE062
:107C10004FF0000A52460B46404600F0A7FACDE965
:107C2000031052462B461046194600F0A7FC324678
:107C30003B4600F0A1FDDDE9033200F047FB0646BC
:107C40000F46DDE900015A46029B00F03FFB8346E8
:107C5000009101223046394601F03DFB194A1A4B8A
:107C600000F08AFD06460F4601224046294601F0F3
:107C700032FB5A46009B00F081FC32463B4600F046
:107C80006DFE06460F4601225046294601F023FBB1
:107C90000E4DDFF858802A46434600F06DFD32460F
:107CA0003B4600F069FD2A46434600F065FD002C86
:107CB000D8BF81F0004106B0BDE8F08D0000F03F74
:107CC0000000F07F075C143326A6913C182D445425
:107CD000FB21F93F0000E03F683E00007E3E0000CF
:107CE000F23D0000083E00003333EF3FFB21E93F47
:107CF0002DE9F84F04460D4621F0004000917349EC
:107D0000814211DC7249884201DC06D12CB1204647
:107D10002946BDE8F84FFFF798BE6E48002DCCBF4E
:107D20006D496E49BDE8F88F6D49814211DD6D499D
:107D30008142D8BF4FF0FF366DDD20462946FFF760
:107D40001BFE042808BFFFF78BFE20462946BDE82E
:107D5000F88F6549654F25F00045814233DD644960
:107D6000814219DD002632464FF0804320462946E5
:107D700000F0FCF980468A4601222046294601F09F
:107D8000AAFA00223B4600F0E9FD4246534600F0C5
:107D90009DFA04460D463EE001260022BA463B46C7
:107DA0002046294600F0E2F980460F46002253465D
:107DB0002046294600F0D2FD42463B4600F086FAB6
:107DC00004460D4627E04B4981421BDDDFF828A120
:107DD0000226002253462046294600F0CFFB00220F
:107DE0003B4600F0C3F980460F460022534620462A
:107DF000294600F0B3FD42463B4600F067FA0446D0
:107E00000D4608E0032622462B4600203B4900F0A1
:107E10005DFA04460D4622462B461046194600F0F0
:107E2000ADFB8B46824602460B4600F0A7FB074699
:107E30000246334888460B4606217844FFF7B0FDDA
:107E400052465B4600F09AFB82462E488B463A46E5
:107E5000434605217844FFF7A3FD3A46434600F028
:107E60008DFB02460B46002E504659460CDA00F0B8
:107E70007DF922462B4600F081FB01B022462B46BD
:107E8000BDE8F04F00F078BC00F070F922462B46B8
:107E900000F074FB1C4A7A4402EBC603D3E90023CA
:107EA00000F05CFD22462B4600F058FD174A7A444C
:107EB00002EBC603D3E9002300F05EFC009A002A1F
:107EC000B8BF81F00041BDE8F88F00000000104409
:107ED0000000F07F182D4454FB21F93FFB21F9BF2E
:107EE0000000DC3F0000203E0000F33F0000F03FB8
:107EF0000000E63F008003400000F83F0000F0BFB4
:107F00000A3C0000C83B0000663B00002E3B00001E
:107F10002DE9F04D9446CCF1000423F000464CEAE4
:107F20000404524F46EAD4749A46884621F000422F
:107F3000BC4206D8454240EA050442EAD474BC4239
:107F400004D9BDE8F04D6246FFF782BDAAF1405565
:107F5000A5F17F6555EA0C040BD0022404EAAA744B
:107F6000434DDFF810E144EAD87452EA000B04D024
:107F70000CE0BDE8F04DFFF7BBBE002C14BF012C98
:107F8000BDE8F08D022C30D0032C32D056EA0C0B19
:107F90000AD0BE4220D1BA4209D126F0804622F052
:107FA00080423346114617E000291ADB25E0DFF84E
:107FB000C8B0FB44002C04BFDBE90001BDE8F08D34
:107FC000012C02BFDBE9000181F00041BDE8F08D2A
:107FD000022C0AD0032C0CD0BA4212D1B8F1000FF7
:107FE0000BDA23482549BDE8F08D28462449BDE831
:107FF000F08D28467146BDE8F08D1D482149BDE849
:10800000F08D921B12153C2AC4BF19481D490EDC85
:10801000BAF1000FBEBF12F13C0F0020014606DB93
:10802000624600F053F921F00041FFF761FE002C99
:1080300008BFBDE8F08D012C04BF81F00041BDE810
:10804000F08D114A114B022C07D000F087FC2A4614
:10805000BDE8F04D0A4B00F081BC00F07FFC2A46E1
:10806000BDE8F04D064B00F087BB00000000F07F3C
:10807000182D4454FB2109C0C23A0000FB21F9BF6E
:10808000FB210940FB21F93F075C143326A6A13CE4
:108090002DE9F04106460F4600F07AFB041E0D461E
:1080A00018BF0120284320F00040C0F17F6000F19C
:1080B000E040C00F0ED0301C18BF0120384320F024
:1080C0000040C0F17F6000F1E040C00F04BF01201C
:1080D000FEF72BFC20462946BDE8F08110B50029AB
:1080E0000AD00878002807D005487844FFF73CF804
:1080F000002801D0002010BD0248784410BD0000C7
:108100009A3A0000923A000021F00042A2F1605237
:10811000B2F5801F01F0004328BFD2F17F6C0BD96C
:108120005FEA001C43EAC20242EB507018BF70477E
:1081300028BF20F001007047B2F5801FBCBF184671
:1081400070474FEA410C1CF5001F02D2084600F0B0
:10815000E2BF70B500F0BCFA00000089FFF7F6BF7F
:108160004FF00040A0F580007047000010B591EA84
:10817000030F48BF83F0004300F1F883841A71EBCA
:10818000030C05D2121943EB0C03001B61EB0C012D
:10819000DFF824E14FEA1154A4EB135C1EEA430F0D
:1081A00018BF9EEA445F73D023EA0E03DCF1200E71
:1081B00021EA045143F4801332D322FA0CFE10EB6F
:1081C0000E0023FA0CFE41EB0E01CCF1200E03FA57
:1081D0000EFE10EB0E0051F10001B1F5801FCCF145
:1081E000200E32D201EB045112FA0EF2BDE810401B
:1081F00058BF7047401C38BF5FEA420218BF704743
:10820000002814BF20F0010041F100014FEA4103B2
:1082100013F5001F38BF7047A1F1C04100F0A6BAA6
:10822000012A43EB0302ACF1200CDCF11F0E32BF3C
:108230004FF0000E23FA0CF310EB030041EB045156
:10824000B4EB115FD0D0A1EB045101F580114908C6
:108250005FEA300001EB04510ED350F1000038BF4B
:1082600012FA0EFE08D1BDE81040C9E7401C38BF25
:108270005FEA4202CAD1C3E7BDE810404FEA4103BA
:1082800013F5001F38BF7047A1F1C04100F06EBA6E
:108290009EEA445F08D011EA5E0FBDE8104004BFBB
:1082A00001F0004100207047BDE8104070B500F0BB
:1082B0000FFA00BF64FBBE3E0000E0FF02494FF032
:1082C000000000F0D6BF00BF0000F87F2DE9C041DC
:1082D00030B4DFF8A0C23CEA111418BF3CEA131412
:1082E00000F0EC8081EA03051CEA111444EAD5741D
:1082F00018BF1CEA131500F0C780A4EB05044FF06B
:10830000004545EAC12145EAC32341EA505143EA09
:10831000525304F17F74994204F500344FEAC020AF
:108320004FEAC22208BF904200F09C804FEA1365DA
:108330000FF24016765D4FEA134506FB05F7C7F1CD
:10834000807706FB07F74FEAD737A7FB036876422B
:10835000C8F58038A7FB06CE38BFA8F1010807FB97
:1083600008E64FF0000EA6FB028CE6FB03CEDCF124
:10837000000CCEF1004E38BFAEF1010EA6FB0C583A
:108380004FF000074FF00005E6FB0E87A1FB08C683
:10839000A0FB07CE16EB0E0645F10005E1FB0765D5
:1083A00015F1E04E7EBFA4F580345FEA46066D41CC
:1083B00016F1800745F100054FEA17274FEA0666D8
:1083C00047EA0567A6F1DE46B6F1805F4FEA15255C
:1083D0001FD9384624F0010C05EBC471BCF1FE6FC7
:1083E00001EB0C1102D8F0BCBDE8008124425CBF57
:1083F00001F5801E9EEAC47F02D4F0BCBDE8008176
:10840000244238D4F0BCA1F1C041BDE8004100F0E5
:10841000ADB94FEAD22242EA43524FEAD323A7FB37
:1084200002864FEAD02040EA415007FB03661EEA6D
:108430000E0F4FEAD12105FB026658BFA6EB00568E
:10844000B6EB00564FEA520E4EEAC37E18EB0E0E04
:1084500056EB530EBDD518EB02085E417F1C55F15B
:108460000005B6E74FF480154FF000074FF0000607
:108470004FF00008ADE7F0BC4FF0000001F1C04143
:1084800001F00041BDE8008111EA0C1F0CEA131550
:1084900000D00CE013EA0C1F00F025804FF0000024
:1084A000F0BC81EA030101F00041BDE80081F0BCAD
:1084B000BDE8004181EA030100F058B9F0BCBDE815
:1084C000004170B500F004F9097EFC3E00F007B8E9
:1084D00081EA03014FF0000001F00041704781EA9A
:1084E000030100F043B9F0BCBDE800414FF00000CB
:1084F00021497047FFFDFBF9F7F5F4F2F0EEEDEBE3
:10850000E9E8E6E4E3E1E0DEDDDBDAD8D7D5D4D391
:10851000D1D0CFCDCCCBCAC8C7C6C5C4C2C1C0BFDD
:10852000BEBDBCBBBAB9B8B7B6B5B4B3B2B1B0AFE3
:10853000AEADACABAAA9A8A8A7A6A5A4A3A3A2A1C7
:10854000A09F9F9E9D9C9C9B9A9999989797969582
:1085500095949393929191908F8F8E8E8D8C8C8B1E
:108560008B8A8989888887878685858484838382A6
:10857000828181800000FF070000F87FDFF848C19A
:1085800070B51CEA111E1EBF1CEA13159EEA0C0FE3
:1085900095EA0C0F00F06F8081EA030423EA4C1384
:1085A0004EEAD47E21EA4C1141F4801143F4801349
:1085B000AE44A1FB024CA0FB0365AEF17F7E3619F1
:1085C00055EB0C05A1FB034C4CF10003A0FB021C76
:1085D00016EB0C06654153F10003094218BF46F043
:1085E000010613F4007F0BD14FEA03314FEA053047
:1085F000340341EA155140EA16506FF003020AE0D5
:108600004FEAC3214FEAC520F40241EA555140EA3E
:1086100056506FF0020202EB2E4201EB025585EA42
:10862000CE710AD05FEA440C18BF24F0004450F128
:10863000000041F1000120EAD47040F2FE7C624566
:1086400000D270BDA84214BF4FF080444FF04044A8
:10865000002E08BF0024BEF1806FA8BFA1F1C04169
:10866000BDE8704080F282804FF0000001F1C0410F
:1086700001F0004170479EEA0C0F0CEA131518BF79
:1086800095EA0C0F06D04FF0000081EA030E0EF0C1
:10869000004170BD00F01CF88900013E00F007B8F1
:1086A00000F009B84FEA430C5FEA5C5C08D081EA4D
:1086B000030100F05BB84FEA410C5FEA5C5CF6D165
:1086C0004FF00000014970470000FF070000F87FED
:1086D0000EF1020E2EF0030E5EF8046B364205D446
:1086E000012A43EB030515F5001F12D8012841EBC1
:1086F000010C1CF5001F0CD80ED14FEAD17C15F5EA
:10870000001F0CEB4C0C0CF1020C08BF4CEBD37CA3
:1087100004E04FF0080C01E04FEAD37C0CEB4C0571
:1087200026FA05F606F00706B6F1040C06D20EEBA3
:10873000860CBDE870404CF0010C6047DFE80CF09F
:10874000090B02024FF000414FF00000A1F500219B
:1087500070BD19461046012851EB010418BFD4F52D
:10876000001484BF002001F0004170BD0808A0F58E
:1087700000114FEA3101704791EA030F10B581F003
:1087800000413FF5FBAC83F0004300F0EFB8000080
:108790002DE9F04101F5801CBCF5001FC0F2C3803B
:1087A0004FEA115C21EA0C510CF1FD0C41F48011EF
:1087B0005FEA5C0C0CF5C07C01D3400049413DA44C
:1087C000890241EA905187028E0E0A0CA45D04FBD7
:1087D00004F602FB06F6C6F14046A4FB0662F60D5F
:1087E00046EA422606FB06F4A4FB01235242C3F1EB
:1087F000404338BF5B1EA6FB02420024E6FB032475
:10880000D20B42EA4446A6FB0623A1FB02E2A3FBED
:1088100007E4A4184FF0000252F10002E3FB01420A
:108820006442C2F1404E38BFAEF1010EA6FB0423F4
:108830004FF00002E6FB0E32A2FB03464FF00004AD
:10884000B61954F10004E2FB0264A1FB06E6A4FBA6
:1088500007E816EB08064FF0000858F10008E4FBA3
:1088600001687642C8F1405838BFA8F10108A2FB60
:1088700006E4A3FB08E52D194FF0000454F10004B1
:10888000E2FB0854A1FB05E6A7FB04E818EB060889
:108890004FF0000656F10006E1FB048618F12005B2
:1088A00056F10006A809A8F11B08B10908F03F0815
:1088B000B8F10A0F40EA86601CD901EB0C51BDE803
:1088C000F08100BFFCF5EEE8E2DDD8D3CFCBC7C323
:1088D000C0BDB9B6B4B1AEACA9A7A5A3A19F9D9BDD
:1088E0009A9896959392908F8D8C8B8988878685A0
:1088F00084838281A0FB006800FB01F208EB420840
:10890000B8EB872807D5341858EB0104D5D5401C9F
:1089100051F10001D1E7341A78EB0104CDD4401EA7
:1089200071F10001C9E75FEA4C0C5FEA9C5C0DD174
:1089300005D34FF0000001F00041BDE8F081BDE833
:10894000F04170B5FFF7C4FE6DDBFFBEBDE8F0413E
:108950004FF00000004970470000F87F10B591EA21
:10896000030F48BF83F000433FF508AC841A71EB56
:10897000030C07D212198CF0004C43EB0C03001BC4
:1089800061EB0C01DFF8A4E14FEA1154A4EB135C96
:108990001EEA430F18BF9EEA445F00F0B08023EA4E
:1089A0006E03524221EA0451C3EB6E0338BF5B1ED3
:1089B000DCF1200E25D322FA0CFE10EB0E0043FA58
:1089C0000CFE41EB0E01CCF1200E03FA0EFE10EB73
:1089D0000E0051F10001CCF1200E29D412FA0EF252
:1089E00001EB0451BDE8104058BF7047401C1CBF4C
:1089F000B2F1004F704700280CBF491C20F0010065
:108A0000704712EB020E43EB030218BF4FF0010E4A
:108A10004EEA4202ACF1200CDCF11E0E54D943FAAE
:108A20000CFE10EB0E0051F1FF31CCF11E0ED5D52E
:108A30000EF1010E12FA0EFE404141EB010101EB75
:108A4000445C5FEA5C5C10D910EBDE7001EB045112
:108A500038BFBEF1004FBDE8104018BF7047002876
:108A60000CBF491C20F00100704730D24FEAD42CD3
:108A700011F5001124F400641BD0B1FA81F20B3A15
:108A8000A41AA41ED2F12003914030FA03F3194333
:108A9000904001EBCC71002C01EB0451BDE810407B
:108AA000A8BF704701F1C0414FF0000001F0004144
:108AB0007047B0FA80F310FA03F100D110BDE41A48
:108AC000173C4805C90AE4E701EB045110BD491001
:108AD00001EB0451BDE810404FEA300002E04FF0D6
:108AE000000170474A0008BF0042F8D0B2F5001FED
:108AF00028BF704701F000414FF0000070479EEA28
:108B0000445F07D011EA5E0FBDE8104004BF0021AA
:108B100000207047BDE8104070B5FFF7D9FD00BFD9
:108B200040DFF63E83F00041104670470000E0FF52
:108B300043004FEAD30C4FEA3C0C43401FBF4007B1
:108B40000CF1605113F0FE4F70471CF0006F03D121
:108B500000200CF0004170470CF0004343EA5070D5
:108B600010B540EACC0000F090FA00BF000000927F
:108B70004FEA0001FFF7FABD4FF000414FF000004F
:108B8000A1F500217047000090EA010F48BF81F075
:108B9000004100F1FE82421A3CBF801A89184FEA58
:108BA000D0524FF07F4C1CEA410FA2EBD15318BFBB
:108BB0009CEA026F00F03B804FF0004C4CEA002032
:108BC0004CEA012121FA03FC10EB0C0C1ED202F13D
:108BD000FF325FEA1C2040EBC25038BF70471CF0E8
:108BE0007F0F4FEA400C18BFBCF17F4F38BF704772
:108BF000C3F12003994008BF20F00100BCF17F4F72
:108C000038BF7047A0F1C04000F085BA4FEA3C0081
:108C1000000A40EBC25028BF1CF0FF0F4FEA400C87
:108C2000E6D018BFBCF17F4F38BF7047EAE79CEA37
:108C3000026F05D010EA5C0F08BF00F000407047DB
:108C400010B500F022FA00BF64FBBE3E401058BFD2
:108C5000C0F14040491058BFC1F140418142EFF39B
:108C6000008070474FF47F0C1CEAD0121EBF1CEA34
:108C7000D11392EA0C0F93EA0C0F00F0858090EA72
:108C8000010F48BF42F4807240F4000C41F4000030
:108C90002CF07F4120F07F4000B58142A2EB03021F
:108CA0000FF2081CACEB504EC0F100009EF800E043
:108CB0004FEA4E0E00FB0EFC38BF49004FEA2C1C59
:108CC00002F5FA020CFB0EF34FEACE1E4FEA112C0E
:108CD0004FEAC1210EEB635E42EB22420EFB0CFC1D
:108CE0004FEA1C5300FB03114FEA112C4FEA0131EC
:108CF0000EFB0CFC4FEADC4C00FB0C11C14228BF00
:108D000009184CEB03335DF804EB10EB410143EB26
:108D1000C250B2F57C0F38BF704729D512F0F00F62
:108D20001CBF00F1C04000F000407047008182830A
:108D30008485868788898B8C8D8E8F91929395966A
:108D400097999A9C9D9FA0A2A3A5A7A8AAACAEB0F4
:108D5000B2B3B5B7B9BCBEC0C2C5C7C9CCCED1D4F9
:108D6000D7D9DCDFE2E6E9ECF0F3F7FAFE00000029
:108D70004FEA400C0CF1807CBCF17E4F28BF70475D
:108D8000B0F1C04000F0C7B990EA010F0CEAD1136E
:108D900048BF42F48072624538BF634507D213F47E
:108DA0007F0F16D080EA010000F00040704710B538
:108DB00000F06BF9097EFC3E00F005B880EA010086
:108DC00000F00040704780EA010000F0004000F031
:108DD000A2B912F47F0F04BF0248704780EA010075
:108DE00000F099B90000C07F50EA010C00F1138037
:108DF0001CF5000F58BFBCF5000F01D48842704726
:108E000007D710F5000F58BF11F5000F15D4884291
:108E10007047894270471CF5000F04D5BCF5000F60
:108E2000F7D5814270474FF0807C1CEB400F38BF74
:108E30001CEB410F01D28142704710B500F025F9BB
:108E4000922449004FF000504FF08051FFF7FEBED2
:108E500041000B0ED3F19E0208D950F400034FEAF3
:108E6000032323FA02F048BF4042704710B500F0D8
:108E70000CF900BF49922480002070476FF0004237
:108E800082EA200070470000C10DD1F19E0206DB8E
:108E90004FEA002343F0004323FA02F070470042F8
:108EA00007D54FEA4001B1F1FE4F02D24FF000006A
:108EB000704710B500F0E9F849922480002070470F
:108EC0006FEA20007047000010F0004148BF4042A8
:108ED000B0FA80F310FA03F2C3F19D030BD051EA0C
:108EE000C35101EB1220530638BF704700F1010057
:108EF00008BF20F001007047B0FA80F310FA03F2C7
:108F0000C3F19D030AD0D90501EB1220530638BFE7
:108F1000704700F1010008BF20F001007047000019
:108F200050EA010C00F113801CF5000F58BFBCF58E
:108F3000000F01D48842704707D710F5000F58BFC3
:108F400011F5000F15D488427047894270471CF50F
:108F5000000F04D5BCF5000FF7D5814270474FF0E4
:108F6000807C1CEB400F38BF1CEB410F01D28142CB
:108F7000704710B500F089F8922449004FF0005076
:108F80004FF08051FFF762BE4FF47F0C1CEAD01205
:108F90001EBF1CEAD11392EA0C0F93EA0C0F00F0EB
:108FA000478090EA010F48BF42F480724FF0004CB6
:108FB0004CEA00204CEA012102EB0302A0FB011362
:108FC000A2F50002002918BF43F001035B0028BF8F
:108FD0004FEA330342EB22425FEA132C4CEBC250C0
:108FE0002EBFBCEB436FB2F57C0F70474FEA036CAA
:108FF000BCF1004F08BF20F00100B2F57C0F38BF74
:1090000070470BD582F0FF0212F5803FC8BF704752
:1090100000F1C040D8BF00F00040704700F5000CE0
:109020005FEA4C0C48BF7047B0F1C04000F073B825
:1090300090EA010F0CEAD11348BF42F480726245F6
:1090400038BF634504D280EA010000F00040704759
:1090500010B500F01AF800BF8900013E00F007B813
:1090600000F009B85FEA410C5FEA1C6C08D080EAA6
:10907000010000F050B85FEA400C5FEA1C6CF6D1CA
:109080004FF00040A0F5800070470EF1020E2EF068
:10909000030E5EF8044B244204D44FEA4102B2F1BD
:1090A0007F4F11D84FEA4003B3F17F4F0CD80ED158
:1090B0004FEAD07CB2F17F4F0CEB4C0C0CF1020C60
:1090C00008BF4CEBD17C04E04FF0080C01E04FEA04
:1090D000D17C0CEB4C0324FA03F404F00704B4F144
:1090E000040C06D20EEB840CBDE810404CF0010CD1
:1090F0006047DFE80CF0070802024FF00040A0F5DF
:10910000800010BD0846420018BFD2F1807288BFAF
:1091100000F0004010BDFF2141EAD050C00570476B
:1091200051EA000C00F113801CF5000F58BFBCF58C
:10913000000F01D48142704707D711F5000F58BFC7
:1091400010F5000F15D481427047894270471CF515
:10915000000F04D5BCF5000FF7D5884270474FF0DB
:10916000807C1CEB410F38BF1CEB400F01D28842C2
:10917000704780EA010081EA000180EA0100FFF700
:10918000F8BE000090EA010F48BF81F000413FF5B2
:1091900002AD421A04D882F00042A0EB0200114452
:1091A0004FEAD0524FF07F4C1CEA410FA2EBD15353
:1091B00018BF9CEA026F4AD04FF0004C4CEA0020E6
:1091C0004CEA012121FA03FCB0EB0C0C0FD412F095
:1091D000FE0F36D05FEA4C001DD5001240EBC250A6
:1091E00038BF70471CF03F0F18BF70470BE0A2F16B
:1091F00001025FEA1C2040EBC25038BF70471CF0F0
:109200007F0F18BF7047C3F12003994014BF401E61
:1092100020F00100704780084FEA122308BF704712
:10922000B0FA80FCA2EB0C02CCF1280C60FA0CF036
:1092300093EA122F04BF00EBC25070474FEAC3708D
:109240007047130A5FEADC1008BF7047F6E79CEA34
:10925000026F04D010EA5C0F08BF0020704710B501
:10926000FFF713FF40DFF63E81F000407047FDF747
:1092700094BC0CF00F03092B08BF082000F05980A4
:109280000A2B0BD0082B18BF704708BF1CF0400FEB
:109290000AD04FF000004FF0000170471CF0400F63
:1092A00018BF4FF0004070471CF0100F08D020F09E
:1092B000704300F07F4242EAD3014FEA43707047A7
:1092C00000F0604021F07F4242EA000201F07F405E
:1092D00040EA727070474FF0FF0C4CF4E06C1CEAEF
:1092E00011531CBF9CEA030C9445C2BFDA4201EB48
:1092F00002517047002B0DD0BCF1000F0FD0002A97
:1093000001F00041A4BF41F0E04141F07F614FF026
:109310000000704701F000414FF00000704750EA34
:1093200001334FF09B0C18BF4CF0806C7EF4C6AF3D
:1093300070471CF4801F11D01CF4E02F03D06FEA9B
:10934000CC31490070474FF04050EFF3008222F0DB
:10935000704242EA000282F3008870474FF000003A
:10936000704700006800000476005401F7FD00011A
:1093700075191A0C6A231B1C1F207274433B413859
:10938000393A6B6C376F06246D6E700083000000F5
:109390000008000000010018320005000000204114
:1093A0000000D242295C0F3E9A99993E3333733FB5
:1093B000295C0F3E00007000000000240000000245
:1093C0000003000000650054FFEF0000FA80000B6E
:1093D00012820001030C30C30E8C8CE914D54002BC
:1093E00013710F8E3883F8833000F883258EF8834D
:1093F0003000F883FFFFFFFF0FFEA9D62400040012
:109400001A8279A10000003CFFFF0000001000005C
:1094100038836FA2003E03304000000002CAE30917
:109420003E8000002000000000000000400000001E
:1094300060000000000C0000000C186E0000069296
:109440000A16C0DFFFFF0256FD8CD377FFE1C496FA
:10945000E0C5BEAA00000000FFFF0B2B000016575E
:10946000000003594000000000001DFA00026C1DBE
:10947000000000003FFFDFEB003EB3B6000D227896
:1094800000002F3C00000000001942B5000039A286
:109490000000B365D90E9FC91DCF4C3430000000C9
:1094A000500000003BB67AE80064000000C80000ED
:1094B00000000000100000001000FA921000225E70
:1094C000000D229F0001000000320000FF46000056
:1094D00063D400001000000004D6000004CC00009B
:1094E00004CC0000000010720000004000000000EA
:1094F0000000000000060002000500070000000058
:109500000064000000000000000000050005006489
:1095100000200000000000000000000000004000EB
:109520000000030000000032F8980000FF65000012
:10953000830F0000FF9BFC00000000000000000003
:10954000000000000000000000000000000000001B
:10955000000000000000000000000000000000000B
:109560000000100040000000000000060000B26A89
:10957000000200000001FB830068000000D9FC002D
:109580007CF1FF830000000000650000006403E838
:1095900000640028000000250000000016A0000064
:1095A0000000100000001000002F0000000001F477
:1095B0000000100000280000FFFF4581FFFFFA7245
:1095C0000000000000000000004400050005BAC6CD
:1095D000004778A200000001000000000000060023
:1095E000000000140000254D002F706D000005AE36
:1095F000000C02D00000000000000000000000008D
:1096000000000000001B000000000000000000003F
:1096100000000000006400000008000000000000DE
:10962000000000000000000000000000000000003A
:10963000000000000000000000000000000000002A
:10964000000000000000000000000000000000001A
:10965000000000000000000000000000000000000A
:1096600000000000000000000000000000000000FA
:1096700000000000001B00000000000000000000CF
:10968000000E000E00000AC70004000000000032B7
:10969000FFFFFF9C00000B2B0000000200000001F8
:1096A00000000064FFE50000000000000000000072
:1096B00000000000000000010000000000010000A8
:1096C0000000000000018000000180000001800017
:1096D000002426D300000000000000000006001057
:1096E0000096003C000000000000000000000000A8
:1096F000000000000C0A4E68CDCF7709501667595C
:10970000C619CE820000000000000000000000002A
:1097100000000000000000000000000017D78400D7
:10972000030000000000000000000000C7938F9DB0
:109730001E1B1C19000000000000000000000000BB
:109740000000000000000000000000000203188577
:1097500000004000000000030000000300000000C3
:1097600000000000400000000000000000000000B9
:1097700000000000000000000000000000000000E9
:1097800000000000000000000000000000000000D9
:109790000000000000000000677DDF7E72902E5503
:1097A0004CF6E68800000000000000000000000009
:1097B00000000000D8DCB4B8B0D8B9ABF3F8FAB305
:1097C000B7BB8E9EAEF132F51BF1B4B8B08097F105
:1097D000A9DFDFDFAADFDFDFF2AAC5CDC7A90CC989
:1097E0002C97F1A989264666B28999A92D557DB095
:1097F000B08AA896365676F1BAA3B4B280C0B8A89B
:109800009711B28398BAA3F0240844106418B2B92F
:10981000B49883F1A329557DBAB5B1A38393F00021
:109820002850F5B2B6AA839328547CF1B9A3829349
:1098300061BAA2DADEDFDB819AB9AEF5606870F159
:10984000DABAA2DFD9BAA2FAB9A38292DB31BAA2FC
:10985000D9BAA2F8DF85A4D0C1BBAD83C2C5C7B851
:10986000A2DFDFDFBAA0DFDFDFD8D8F1B8AAB38D7F
:10987000B4980D355DB2B6BAAF8C96198F9FA70E0E
:10988000161EB49AB8AA872C547CBAA4B08AB69192
:10989000325676B28494A4C808CDD8B8B4B0F19941
:1098A00082A82D557D98A80E161EA22C547C92A439
:1098B000F02C5078F184A898C4CDFCD80DDBA8FC1E
:1098C0002DF3D9BAA6F8DABAA6DED8BAB2B6869619
:1098D000A6D0F3C841DAA6C8F8D8B0B4B882A89226
:1098E000F52C548898F135D9F418D8F1A2D0F8F9AC
:1098F000A884D9C7DFF8F883C5DADF69DF83C1D868
:10990000F40114F1A8824EA884F311D182F5D99202
:10991000289788F109F41C1CD884A8F3C0F9D1D980
:109920009782F129F40DD8F3F9F9D1D982F4C20361
:10993000D8DEDF1AD8F1A2FAF9A88498D9C7DFF8DF
:10994000F8F883C7DADF69DFF883C3D8F40114F1CC
:1099500098A8822EA884F311D182F5D992509788C5
:10996000F109F41CD884A8F3C0F8F9D1D99782F191
:1099700049F40DD8F3F9F9D1D982F4C403D8DEDF64
:10998000D8F1AD8898CCA809F9D98292A8F57CF1D4
:10999000883ACF944A6E98DB6931DAADF2DEF9D8B5
:1099A0008795A8F221D1DAA5F9F417D9F1AE8ED0B6
:1099B000C0C3AE82C684C3A88595C8A588F2C0F18D
:1099C000F4010EF18E9EA8C63E56F554F18872F44D
:1099D0000115F19845856EF58E9E0488F142985ADE
:1099E0008E9E068869F4011CF1981E1108D0F504BA
:1099F000F11E970202983625DBF9D985A5F3C1DA65
:109A000085A5F3DFD88595A8F309DAA5FAD882925F
:109A1000A8F578F1881A849F26889821DAF41DF336
:109A2000D8879F39D1AFD9DFDFFBF9F40CF3D8FA2F
:109A3000D0F8DAF9F9D0DFD9F9D8F40BD8F3879F49
:109A400039D1AFD9DFDFF41DF3D8FAFCA869F9F9F1
:109A5000AFD0DADEFAD9F88F9FA8F1CCF398DB45C6
:109A6000D9AFDFD0F8D8F18F9FA8CAF38809DAAF51
:109A70008FCBF8D8F2AD978D0CD9A5DFF9BAA6F344
:109A8000FAF412F2D8950DD1D9BAA6F3FADAA5F202
:109A9000C1BAA6F3DFD8F1BAB2B68696A6D0CAF399
:109AA00049DAA6CBF8D8B0B4B8D8AD84F2C0DFF1AB
:109AB0008FCBC3A8B2B68696C8C1CBC3F3B0B48867
:109AC00098A821DB718D9D71859521D9ADF2FAD8C9
:109AD0008597A828D9F408D8F28D29DAF405D9F2A7
:109AE00085A4C2F2D8A88D9401D1D9F411F2D887F7
:109AF00021D8F40AD8F28498A8C801D1D9F411D891
:109B0000F3A4C8BBAFD0F2DEF8F8F8F8F8F8F8F82C
:109B1000D8F1B8F6B5B9B08A95A3DE3CA3D9F8D888
:109B20005CA3D9F8D87CA3D9F8D8F8F9D1A5D9DFA6
:109B3000DAFAD8B18530F7D9DED8F830ADDADED828
:109B4000F2B48C99A32D557DA083DFDFDFB591A002
:109B5000F629D9FBD8A0FC29D9FAD8A0D051D9F838
:109B6000D8FC51D9F9D879D9FBD8A0D0FC79D9FA49
:109B7000D8A1F9F9F9F9F9A0DADFDFDFD8A1F8F80F
:109B8000F8F8F8ACDEF8ADDE8393AC2C547CF1A889
:109B9000DFDFDFF69D2CDAA0DFD9FADB2DF8D8A8BD
:109BA00050DAA0D0DED9D0F8F8F8DB55F8D8A8788C
:109BB000DAA0D0DFD9D0FAF8F8F8F8DB7DF8D89C35
:109BC000A88CF530DB38D9D0DEDFA0D0DEDFD8A816
:109BD00048DB58D9DFD0DEA0DFD0DED8A868DB7044
:109BE000D9DFDFA0DFDFD8F1A888902C547C98A8BB
:109BF000D05C38D1DAF2AE8CDFF9D8B087A8C1C119
:109C0000B188A8C6F9F9DA36D8A8F9DA36D8A8F9A9
:109C1000DA36D8A8F9DA36D8A8F9DA36D8F78D9D29
:109C2000ADF818DAF2AEDFD8F7ADFA30D9A4DEF924
:109C3000D8F2AEDEFAF983A7D9C3C5C7F1889BA7CE
:109C40007AADF7DEDFA4F8849408A797F300AEF2AC
:109C50009819A488C6A39488F632DFF28393DB09AF
:109C6000D9F2AADFD8D8AEF8F9D1DAF3A4DEA7F199
:109C7000889B7AD8F38494AE19F9DAAAF1DFD8A8D0
:109C800081C0C3C5C7A39283F628ADDED9F8D8A397
:109C900050ADD9F8D8A378ADD9F8D8F8F9D1A1DA70
:109CA000DEC3C5C7D8A18194F818F2B089ACC3C58A
:109CB000C7F1D8B8B4B09786A8319B069907AB977F
:109CC00028889BF00C201440B0B4B8F0A88A9A28D9
:109CD0005078B79BA8295179247059446938644851
:109CE00031F1BBAB88002C547CF0B38BB8A80428AE
:109CF0005078F1B088B49726A85998BBABB38B02C3
:109D0000264666B0B8F08A9CA82951798B295179EA
:109D10008A2470598B2058718A4469388B3940687D
:109D20008A6448318B30496088F1AC002C547CF057
:109D30008CA804285078F1889726A85998AC8C02F2
:109D4000264666F0899CA8295179247059446938BF
:109D5000644831A98809205970AB11384069A819A5
:109D60003148608CA83C415C207C00F187981986C2
:109D7000A86E767EA999882D557DD8B1B5B9A3DF97
:109D8000DFDFAED0DFAAD0DEF2ABF8F9D9B087C4FE
:109D9000AAF1DFDFBBAFDFDFB9D8B1F1A3978E60E7
:109DA000DFB084F2C8F8F9D9DED89385F14AB183DF
:109DB000A308B5839A0810B79F10D8F1B0BAAEB017
:109DC0008AC2B2B68E9EF1FBD9F41DD8F9D90CF136
:109DD000D8F8F8AD61D9AEFBD8F40CF1D8F8F8ADED
:109DE00019D9AEFBDFD8F416F1D8F8AD8D61D9F4EE
:109DF000F4ACF59C9C8DDF2BBAB6AEFAF8F40BD818
:109E0000F1AED0F8AD51DAAEFAF8F1D8B9B1B6A3E7
:109E1000839C08B9B1839AB5AAC0FD3083B79F105F
:109E2000B58B93F20202D1ABDADED8F1B080BAABD7
:109E3000C0C3B284C1C3D8B1B9F38BA391B609B47E
:109E4000D9ABDEB0879CB9A3DDF1B38B8B8B8B8B49
:109E5000B087A3A3A3A3B28BB69BF2A3A3A3A3A390
:109E6000A3A3A3A3A3F1B087B59AA3F39BA3A3DCF9
:109E7000BAACDFB9A3A3A3A3A3A3A3A3A3A3A3A340
:109E8000A3A3A3A3D8D8D8BBB3B7F1AAF9DAFFD953
:109E9000809AAA28B48098A720B79787A86688F0E8
:109EA0007951F1902C870CA781976293F0717160C2
:109EB00085940129517990A5F1284C6C870C95184F
:109EC0008578A38390284C6C886CD8F3A28200F22A
:109ED00010A8921980A2F2D926D8F188A84DD948A5
:109EE000D896A83980D93CD89580A839A68698D923
:109EF0002CDA87A72CD8A8899519A980D938D8A891
:109F00008939A980DA3CD8A82EA83990D90CD8A8CC
:109F1000953198D90CD8A809D9FFD801DAFFD8957E
:109F200039A9DA26FFD890A80D8999A81080982120
:109F3000DA2ED88999A83180DA2ED8A88696318071
:109F4000DA2ED8A8873180DA2ED8A88292F3418001
:109F5000F1D92ED8A882F31980F1D92ED882ACF38A
:109F6000C0A28022F1A62EA72EA92298A829DAAC99
:109F7000DEFFD8A2F22AF1A92E8292A8F23180A6A1
:109F800096F1D900AC8C9C0C30ACDED0DEFFD88CC6
:109F90009CACD010ACDE8092A2F24C82A8F1CAF246
:109FA00035F19688A6D900D8F1FF00000000000026
:109FB000000000000000000000003F400000000022
:109FC00000000000300040003000400000000900A8
:109FD0000BC03D000BC03D00090018C024407FE0CD
:109FE000224031800000180024C01B000D80324048
:109FF000018003801C4027401C8007400040100067
:10A0000060000000000000000000000000000000F0
:10A010001F80204040200000402020401F80000082
:10A020000000090006001F8006000900000004006F
:10A0300004003F80040004000000001000600000E5
:10A0400000000000000004000400040004000400FC
:10A0500000000000004000000000000000000020A0
:10A0600001C006003800400000001F802040204052
:10A0700020401F800000000010403FC00040000052
:10A08000000018C0214022402440184000001080E9
:10A090002040244024401B80000002000D001100DD
:10A0A0003FC0014000003C802440244024402380E5
:10A0B00000001F8024402440344003800000300012
:10A0C000200027C03800200000001B8024402440CE
:10A0D00024401B8000001C0022C0224022401F8020
:10A0E0000000000000000840000000000000000028
:10A0F00000000460000000000000000004000A00EE
:10A1000011002080404009000900090009000900F1
:10A11000000000004040208011000A0004001800E8
:10A12000200023402400180000001F80204027400A
:10A1300029401F400000004007C039000F0001C047
:10A14000004020403FC0244024401B8000001F806E
:10A150002040204020403080000020403FC0204070
:10A1600020401F80000020403FC024402E4030C0CF
:10A17000000020403FC024402E00300000000F00AF
:10A180001080204022403380020020403FC0040065
:10A1900004003FC02040204020403FC020402040DD
:10A1A00000000060202020203FC020002000204030
:10A1B0003FC024400B0030C0204020403FC0204022
:10A1C0000040004000C03FC03C0003C03C003FC016
:10A1D000000020403FC00C4023003FC020001F80F3
:10A1E0002040204020401F80000020403FC02440ED
:10A1F0002400180000001F802140214020E01FA003
:10A20000000020403FC02440260019C0004018C074
:10A2100024402440224031800000300020403FC0D4
:10A2200020403000000020003F80004000403F8080
:10A23000200020003E0001C0070038002000380048
:10A2400007C03C0007C038000000204039C00600AD
:10A2500039C0204000002000384007C038402000AE
:10A260000000304021C02640384020C000000000DF
:10A2700000007FE0402040200000000070000C0043
:10A280000380004000000000402040207FE00000EC
:10A29000000000002000400020000000000000102E
:10A2A000001000100010001000100000000040001E
:10A2B000000000000000000002800540054003C0CF
:10A2C000004020003FC00440044003800000000024
:10A2D0000380044004400640000000000380044066
:10A2E00024403FC00040000003800540054003407B
:10A2F0000000000004401FC0244024402000000053
:10A3000002E0055005500650042020403FC00440A4
:10A31000040003C000400000044027C000400000CB
:10A32000000000100010041027E000000000204092
:10A330003FC00140070004C00440204020403FC00F
:10A3400000400040000007C0040007C0040003C034
:10A350000000044007C00440040003C000400000A7
:10A3600003800440044003800000041007F0045000
:10A37000044003800000000003800440045007F004
:10A380000010044007C00240040004000000000068
:10A3900006400540054004C00000000004001F8086
:10A3A000044000400000040007800040044007C053
:10A3B00000400400070004C00180060004000600FD
:10A3C00001C0070001C006000000044006C00100F3
:10A3D00006C0044000000410071004E001800600DD
:10A3E00004000000044005C00640044000000000D6
:10A3F000000004007BE0402000000000000000009E
:10A40000FFF000000000000040207BE0040000009E
:10A4100000004000800040002000200040000000BC
:10A42000000000000000000000000000000000002C
:10A43000000000001FCC000C000000000000000025
:10A4400008003000600008003000600000000220BA
:10A4500003FC1E20022003FC1E200220000000003E
:10A460000E1811043FFF10840C78000000000F004C
:10A4700010840F3800C00778188400780000007836
:10A480000F8410C411240E9800E400840008080012
:10A4900068007000000000000000000000000000E4
:10A4A0000000000007E0181820044002000000002F
:10A4B00040022004181807E00000000000000240DD
:10A4C000024001800FF00180024002400000008045
:10A4D000008000800FF800800080008000000001F4
:10A4E000000D000E00000000000000000000000051
:10A4F00000800080008000800080008000800000DC
:10A50000000C000C00000000000000000000000033
:10A5100000060018006001800600180020000000FE
:10A5200007F0080810041004080807F000000000F5
:10A53000080408041FFC00040004000000000000E0
:10A540000E0C10141024104411840E0C0000000096
:10A550000C1810041104110412880C700000000083
:10A5600000E00320042408241FFC00240000000055
:10A570001F9810841104110410881070000000004E
:10A5800007F008881104110418880070000000000A
:10A590001C00100010FC13001C0010000000000044
:10A5A0000E3811441084108411440E38000000004D
:10A5B0000700088C10441044088807F000000000D1
:10A5C00000000000030C030C00000000000000006D
:10A5D0000000000101060000000000000000000073
:10A5E000008001400220041008081004000002202E
:10A5F000022002200220022002200220000000008F
:10A60000100408080410022001400080000000002F
:10A610000E001200100C106C10800F00000003E000
:10A620000C1813E4142417C4082807D000000004F1
:10A63000003C03C41C40074000E4001C000410045C
:10A640001FFC1104110411040E880070000003E0C7
:10A650000C1810041004100410081C100000100442
:10A660001FFC100410041004080807F00000100478
:10A670001FFC1104110417C4100408180000100472
:10A680001FFC1104110017C010000800000003E0B7
:10A690000C181004100410441C7800400000100432
:10A6A0001FFC10840080008010841FFC1004000038
:10A6B000100410041FFC100410040000000000032C
:10A6C0000001100110011FFE100010000000100416
:10A6D0001FFC110403801464181C100400001004F3
:10A6E0001FFC1004000400040004000C000010040F
:10A6F0001FFC1F0000FC1F001FFC100400001004C2
:10A700001FFC0C04030000E010181FFC100007F0F1
:10A710000808100410041004080807F000001004D2
:10A720001FFC10841080108010800F00000007F0C4
:10A73000081810241024101C080A07F20000100446
:10A740001FFC1104110011C011300E0C0004000098
:10A750000E1C11041084108410441C3800001800D2
:10A76000100010041FFC100410001800000010005E
:10A770001FF810040004000410041FF8100010005B
:10A780001E0011E0001C007013801C0010001FC090
:10A79000103C00E01F0000E0103C1FC0000010044F
:10A7A000180C163401C001C01634180C1004100027
:10A7B0001C00130400FC13041C001000000008041B
:10A7C000101C1064108413041C04101800000000F6
:10A7D000000000007FFE4002400240020000000036
:10A7E00030000C0003800060001C0003000000002B
:10A7F0004002400240027FFE000000000000000016
:10A800000000200040004000400020000000000147
:10A810000001000100010001000100010001000031
:10A820004000400020000000000000000000000088
:10A830000098012401440144014400FC000410007C
:10A840001FFC008801040104008800700000000063
:10A850000070008801040104010400880000000069
:10A86000007000880104010411081FFC00040000AE
:10A8700000F8014401440144014400C80000000004
:10A88000010401040FFC1104110411001800000060
:10A8900000D601290129012901C90106000010047F
:10A8A0001FFC008401000100010400FC0004000002
:10A8B0000104190419FC0004000400000000000059
:10A8C000000300010101190119FE0000000010043D
:10A8D0001FFC0024004001B4010C01040000000032
:10A8E000100410041FFC0004000400000000010418
:10A8F00001FC0104010001FC0104010000FC010451
:10A9000001FC008401000100010400FC00040000BF
:10A9100000F8010401040104010400F80000010131
:10A9200001FF0085010401040088007000000000A0
:10A930000070008801040104010501FF0001010409
:10A94000010401FC008401040100018000000000FA
:10A9500000CC0124012401240124019800000000FE
:10A960000100010007F801040104000000000100DB
:10A9700001F8000400040004010801FC00040100C7
:10A9800001800170000C001001600180010001F0E5
:10A99000010C003001C00030010C01F0010000008A
:10A9A0000104018C00740170018C0104000001019C
:10A9B00001810171000E001801600180010000009A
:10A9C0000184010C013401440184010C00000000E9
:10A9D00000000000000001003EFC400240020000B8
:10A9E000000000000000FFFF000000000000000069
:10A9F000400240023EFC0100000000000000000098
:10AA00006000800080004000400020002000000026
:10AA10000000000000000000000000000000000036
:10AA20000000000000000000000000000000000026
:10AA30000000000000000000000000000000000016
:10AA4000000F80380FFE380F803800000000000033
:10AA500000000000000000000000000001000006EF
:10AA600000000C00003800003100000600000C005F
:10AA7000003800003000000000000000000061808D
:10AA80000067F807F9800061800061800061800044
:10AA900061800067F807F980006180000000000015
:10AAA0000000000001C0E003E0F0063008041808D0
:10AAB0001FFFFE040E080787F00381E0000000007E
:10AAC000000001F000060C00040408060C7001F9F7
:10AAD000C0000E00003BE000EC18070808040C184A
:10AAE0000003E00000000001E00007F003F8180494
:10AAF0001C0804170807E1D003C0E00023B0003CA5
:10AB00000800200800001000000000000001000004
:10AB10003100003200001C000000000000000000B6
:10AB20000000000000000000000000000000000025
:10AB300000000000000000000000000000007F0096
:10AB400001FFC00780F00C00181000042000020074
:10AB500000000000002000021000040C0018078014
:10AB6000F001FFC0007F00000000000000000000B6
:10AB7000000000000000000000004200006600002D
:10AB80006600003C0000180003FFC0001800003CF5
:10AB9000000066000066000042000000000008009F
:10ABA00000080000080000080000080001FFC000C5
:10ABB000080000080000080000080000080000006D
:10ABC0000000000100003100003200001C00000005
:10ABD0000000000000000000000000000000000075
:10ABE0000000000000000800000800000800000845
:10ABF000000008000008000008000008000008002D
:10AC00000008000000000000000000000000380004
:10AC100000380000380000000000000000000000C4
:10AC2000000000000000000000000000000000061E
:10AC300000001C000070000180000E0000380000C1
:10AC4000C0000700001C00003000000000000000F1
:10AC500000007F8001FFE0038070060018040008F8
:10AC600004000806001803807001FFE0007F8000E8
:10AC700000000000000000000100080100080100C1
:10AC80000803FFF807FFF8000008000008000008AC
:10AC900000000000000000000001C03802C058049D
:10ACA0000098040118040218040418061C1803F87C
:10ACB0001801E0F800000000000000000001C0E002
:10ACC00003C0F00400080408080408080618080374
:10ACD000F41801E7F00001E00000000000000000AF
:10ACE00000000300000D0000110000610000810859
:10ACF00003010807FFF80FFFF80001080001080032
:10AD000000000000000000E007FCD0060808061064
:10AD100008061008061008061838060FF00607C0C7
:10AD2000000000000000000000003F8001FFE00381
:10AD300084300208180410080410080410080718CA
:10AD400010030FF00007C00000000000000000002A
:10AD500003C0000700000600000600F80607F8061A
:10AD6000180006E0000700000600000000000000D8
:10AD70000001E1E003F7F006341004180804180895
:10AD8000040C08040C0806161803F3F001C1E000D7
:10AD9000000000000000F80003FC30030638040245
:10ADA000080402080402080404100308F001FFC0AC
:10ADB000007F000000000000000000000000000014
:10ADC000000000000000703800703800703800008B
:10ADD0000000000000000000000000000000000073
:10ADE00000000000000000000000301A00301C00CD
:10ADF0000000000000000000000000000000000053
:10AE000000000000000800001400002200004100C3
:10AE100000808001004002002004001008000800AB
:10AE2000000000000000210000210000210000219E
:10AE3000000021000021000021000021000021006D
:10AE400000210000000000000000000008000804CD
:10AE5000001002002001004000808000410000221C
:10AE60000000140000080000000000000003C00003
:10AE700004C000040000080038080F38080838082B
:10AE800010000C300007E00003C0000000000000CC
:10AE900000003F8000FFE0038070020F1006708802
:10AEA00004C088048308047F8802C0900301200046
:10AEB000FE400000080000180001F8003E0801C232
:10AEC0000007020007E20000FE00001FC80001F8B2
:10AED00000003800000804000807FFF807FFF80426
:10AEE000080804080804080804080806180803F4F9
:10AEF0001801E7F00001E0000000000000003F80C2
:10AF000001FFE00380700200180400080400080438
:10AF100000080400100600200780C00000000400A4
:10AF20000807FFF807FFF8040008040008040008F9
:10AF300004001802001003807001FFE0007F800011
:10AF4000000004000807FFF807FFF80408080408D9
:10AF500008040808040808043E080400080600184D
:10AF600001006000000004000807FFF807FFF80474
:10AF70000808040800040800040800043E00060055
:10AF800000060000018000000000000000003F807B
:10AF900001FFE003807006001804000804020804A2
:10AFA00002080203F00783F0000200000200040020
:10AFB0000807FFF807FFF804080800080000080069
:10AFC00000080000080004080807FFF807FFF8045D
:10AFD000000800000000000004000804000804004D
:10AFE0000807FFF807FFF804000804000804000839
:10AFF0000000000000000000000000060000070044
:10B00000000104000104000104000307FFFE07FF24
:10B01000FC04000004000004000004000807FFF81E
:10B0200007FFF8040C08001800003E0004C7800564
:10B0300003C80600F80400380400180000080400E3
:10B040000807FFF807FFF8040008000008000008E0
:10B050000000080000080000080000180000600060
:10B06000000004000807FFF807800807FC00007FC5
:10B07000C00003F80007C000780007800807FFF849
:10B0800007FFF804000804000807FFF8070008039A
:10B09000C00000E000003800001E000007000001B2
:10B0A000C00400F007FFF8040000000000007F80EB
:10B0B00001FFE00380700600180400080400080681
:10B0C000001803003001FFE0007F80000000040052
:10B0D0000807FFF807FFF80404080404000404004C
:10B0E000040400040400060C0003F80001F0000052
:10B0F0000000000000007F8001FFE0038070060078
:10B10000880400880400C806003C03003E01FFE6F6
:10B11000007F8400000004000807FFF807FFF80420
:10B120000808040800040C00040F00040BC00610FB
:10B13000F003F03801E00800000800000001E0F82A
:10B1400003F030063010041808041808040C080432
:10B150000C080206180207F00781E00000000180D9
:10B160000006000004000004000004000807FFF8C7
:10B1700007FFF804000804000004000006000001B6
:10B18000800004000007FFE007FFF0040018000043
:10B190000800000800000800000800000804001073
:10B1A00007FFE004000004000006000007E00007BD
:10B1B000FE00041FE00001F80000380001E0043E3A
:10B1C0000007C00006000004000004000007E000C3
:10B1D00007FFC0041FF80007C007F80007FF80043E
:10B1E0003FF80007C004F80007000004000000005A
:10B1F0000004000806001807C07805F1C8003E00EA
:10B20000001F800463E80780F806001804000800A7
:10B21000000004000006000007800007E008047C2E
:10B2200008001FF80007F800180804E008070000ED
:10B2300006000004000000000001000806003804B9
:10B2400000F80403E8040F08047C0805F00807C0B0
:10B250000807001804006000000000000000000063
:10B260000000000000000000003FFFFE2000022060
:10B270000002200002200002200002000000000066
:10B280000000000008000007000000C000003800B7
:10B290000006000001C000003000000E00000100A8
:10B2A000000000000000000020000220000220003A
:10B2B000022000022000023FFFFE0000000000000C
:10B2C0000000000000000000000000000000000876
:10B2D00000001000003000002000003000001000CE
:10B2E0000008000000000000000000000100000154
:10B2F0000000010000010000010000010000010049
:10B300000001000001000001000001000001000038
:10B3100000000000000000200000200000100000DD
:10B32000100000000000000000000000000000000D
:10B3300000000000000000F00019F8001B180022B7
:10B3400008002608002408002410003FF8001FF819
:10B3500000000800001800000004000007FFF80FBC
:10B36000FFF0001818001008002008002008003026
:10B3700018001FF0000FC00000000000000007C010
:10B38000001FF000183000200800200800200800EE
:10B390003C08001C100000600000000000000000DD
:10B3A000000007C0001FF000381800200800200827
:10B3B00000200804101007FFF80FFFF00000100035
:10B3C00000000000000000000007C0001FF0001295
:10B3D00030002218002208002208003208001E1047
:10B3E000000E2000000000000000200000200800E7
:10B3F000200801FFF803FFF80620080420080420B5
:10B400000807200003000000000000000000000EFC
:10B41000000E6E001FF30031B10020B10020B1001A
:10B420003191001F13002E1E00200E00300000007E
:10B430000004000807FFF80FFFF8001008002000C4
:10B44000002000002008003FF8001FF8000008005E
:10B45000000000000000000000200800200800207C
:10B4600008063FF8063FF800000800000800000842
:10B4700000000000000000000000000000000300C9
:10B480000003002001002001002003063FFE063FCC
:10B49000FC000000000000000000000000040008A4
:10B4A00007FFF80FFFF8000188000300002FC0001D
:10B4B00038F80020380020080000080000000000D4
:10B4C0000000000004000804000804000807FFF85A
:10B4D0000FFFF8000008000008000008000000004E
:10B4E0000000002008003FF8003FF800100800208E
:10B4F00000003FF8003FF8001008002000003FF86F
:10B50000003FF8000008000000002008003FF8009D
:10B510003FF8001008001000002000002008003F45
:10B52000F8001FF80000080000000000000007C03D
:10B53000000FF0001830003008002008002008003C
:10B540003008001830000FF00007C00000000000B5
:10B5500000002001003FFF003FFF00101100200904
:10B56000002008002008003038001FF0000FC00045
:10B5700000000000000007C0001FF0003818002085
:10B5800008002008002009001011001FFF003FFFE5
:10B590000000010000000020080020080020080032
:10B5A0003FF8003FF80008080010080020080020BD
:10B5B000000030000030000000000000000000002B
:10B5C000000C78001E180033080023080021080032
:10B5D00021880021980030F0003860000000000051
:10B5E0000000200000200000200000FFF003FFF812
:10B5F00000200800200800200800003000000000A3
:10B600000000000000002000003FF0007FF8000074
:10B6100018000008000008002010003FF8007FF02C
:10B6200000001000000000000000200000300000BA
:10B630003C00003F800023F00000780000700023F1
:10B6400080003C00003000002000002000003C0092
:10B65000003FE00023F80000E0002700003E00006B
:10B660003FE00021F80001E0003E00002000000063
:10B6700000002008002008003838003E68002780BD
:10B680000003C8002CF800383800201800200800FB
:10B690000000000000002000003003003C01003FDB
:10B6A000830023EC000070002380003C0000200099
:10B6B000002000000000000000000000003808002A
:10B6C00020380020F80023E8002F88003E080038CA
:10B6D00008002018000070000000000000000000BA
:10B6E0000000000000000000000008000014001F1F
:10B6F000F7FC3000062000020000000000000000FF
:10B700000000000000000000000000000000000039
:10B71000FFFFFF000000000000000000000000002C
:10B7200000000000000000002000023000061FF7AB
:10B73000FC001400000800000000000000000000F1
:10B740000000000000000000001800006000004041
:10B75000000040000020000010000008000004006D
:10B76000000400000C000010000000202021222C0A
:10B770002020202824232020000040404242424232
:10B780004242424242424240400000E000FF00206C
:10B79000C000FE0020C000FF00008140300F00000C
:10B7A00000003F00000000FF0000048484FC84844B
:10B7B00000FE9292FE9292FE00002060201F101068
:10B7C000404444447F4444444000000404040404CE
:10B7D00004FC040404040404000020202020202091
:10B7E000203F20202020202020002020202020205A
:10B7F00020FF202020202020200080804020100CCE
:10B800000300030C1020408080004030119690907F
:10B81000919690909814135030000404040404444A
:10B82000847E06050404040404000000F888888867
:10B8300088FF88888888F800000000001F08080832
:10B84000087F888888889F80F00020104C475454D7
:10B850005454545454D40404000000000000000068
:10B8600000000000000F3040F00000000808080849
:10B870000808080808080800000010101010101030
:10B88000101010101010101010008484FC8484001C
:10B89000F800FF008484FC84840010301F08884274
:10B8A0002118070020203F202000101010FF10104A
:10B8B00090040404FC04040400000444827F010199
:10B8C000404040407F4040404000101010FF10902A
:10B8D00000FE8282FE8282FE00000444827F01001C
:10B8E000003F40404040404170008082828282821E
:10B8F00082E2A2928A8682808000000000000040DE
:10B90000807F000000000000000000003E2222BEF8
:10B910006222223E22223E00000080848442454969
:10B9200031211109050300000000008282BAAAAA91
:10B93000AAABAAAAAABA828280000201A0AAAA5629
:10B9400056AAF2122A2240420100060909E6F80C22
:10B95000040202020202041E0000000000071F3061
:10B960002040404040402010000000007C82827C4B
:10B97000008040201008040200000020100804028B
:10B9800001003E41413E00000000000000000000B8
:10B99000555555555555C53F7D6FEB0312D6D4BF50
:10B9A0005544880E55C1C93F3B8F68B52882A4BF56
:10B9B00088B20175E0EF493F09F7FD0DE13D023F17
:10B9C0004B2D8A1C273A03C0C88A599CE52A00409F
:10B9D00059018D1B6C06E6BF82922EB1C5B8B33FEC
:10B9E0004FBB610567ACDD3F182D4454FB21E93F97
:10B9F0009BF681D20B73EF3F182D4454FB21F93F86
:10BA0000E2652F227F2B7A3C075C143326A6813C0B
:10BA1000BDCBF07A8807703C075C143326A6913CB6
:10BA2000C4EB98999999C9BF711623FEC671BCBF22
:10BA30006D9A74AFF2B0B3BF9AFDDE522DDEADBF8A
:10BA40002F6C6A2C44B4A2BF0D5555555555D53FA2
:10BA5000FF8300922449C23F6E204CC5CD45B73FBD
:10BA6000513DD0A0660DB13FEB0D76244B7BA93F35
:10BA700011DA22E33AAD903F000000000000000020
:10BA800002400000000000A000000000054000008F
:10BA9000000000C8000000000C4000000000409CB6
:10BAA00000000000194000000020BCBE00000000A3
:10BAB00034400000BFC91B8E00000004B5400000E8
:10BAC000504BCFD06607E2CF010000006C41000070
:10BAD0003E8251AADFEEA73401000000D9420000E7
:10BAE000DCB5A0E23A301F97FFFFFFFFB44500002E
:10BAF000FD25A0C8E9A3C14FFFFFFFFFFF3F0000E6
:10BB00000000008000000000FF3F000000000080F7
:10BB10000000000050726F64756374204944207205
:10BB2000656164206173203020696E6469636174AB
:10BB3000657320646576696365206973206569743F
:10BB400068657220696E636F6D70617469626C659F
:10BB5000206F7220616E204D5055333035302E0DE0
:10BB60000A000000A0BB00080000002074130000C1
:10BB70002801000878BC0008741300204C0C000059
:10BB8000840100081C00000043000000F8FFFFFFD4
:10BB90000C0000000E0000000F0000002E0000004E
:10BBA000D184A24A04680901020304060708090CAB
:10BBB0006910051E02040608C3803F5AFF04720183
:10BBC0001370931B08640401204A8C244BC080012D
:10BBD0004BFC84080336C0C03CFF7F40014AFF078E
:10BBE000043E40FF7F034A7F700373FCF86CFFFE46
:10BBF00002018BFFFF0B0268036C1F1F04017BFF18
:10BC0000FF0B02741F038C7F3F07FFF8F8F0F07002
:10BC10002001E60214801AFF0109122C09132D01DC
:10BC2000FF01C0EDFFFFFE06011AFF01F9153916ED
:10BC300003FF070201D10C12FFFFFF1409101509C1
:10BC4000151601FF01C1EDFFFFFF180119140910BE
:10BC500015391601FF01D204120201011AFF010178
:10BC60001209122A01FF01D71AFF0101FF01FD0588
:08BC7000FF1F1F0F0F01E00090
:04000005080000ED02
:00000001FF
